# Time, Detrended Flux
8.905699745486024767e+03,-4.774355876846492208e-03
8.905700333911925554e+03,6.253209316461338929e-04
8.905700939930509776e+03,-4.263582125747178431e-03
8.905701621759217232e+03,8.427996334423815128e-03
8.905702313425950706e+03,8.802604787087719984e-03
8.905703009722288698e+03,-2.050630429223598838e-03
8.905703705787193030e+03,-5.968071816414455277e-03
8.905704397685360163e+03,2.691714282561763483e-03
8.905705088194459677e+03,-7.253803973837902319e-04
8.905705789351835847e+03,-1.246413402209545218e-03
8.905706479745451361e+03,1.647425985017769712e-03
8.905707178009208292e+03,-7.026588856573479092e-03
8.905707869907375425e+03,-8.207532761603575366e-03
8.905708566898014396e+03,-2.853307184149667108e-03
8.905709254976827651e+03,6.792778906704155517e-03
8.905709954861085862e+03,3.532990031869021053e-03
8.905710648263804615e+03,-1.241015410412549258e-04
8.905711346527561545e+03,3.176536754121772610e-03
8.905712032638955861e+03,-9.215131570933232652e-04
8.905712730902712792e+03,1.271638268122154969e-04
8.905713427430484444e+03,5.849790480977334894e-04
8.905714123032521456e+03,-4.230486708031389043e-03
8.905714815509039909e+03,9.116498949777396277e-03
8.905715507407207042e+03,4.373127063378889900e-03
8.905716206481680274e+03,-2.667689493496383513e-03
8.905716898958198726e+03,7.108775629803831819e-04
8.905717591666616499e+03,2.382046002740390023e-03
8.905718284027650952e+03,4.876534194254045218e-03
8.905718983911909163e+03,3.816002627638370726e-03
8.905719678703695536e+03,5.403167637538786039e-03
8.905720369791612029e+03,-5.779494751054770063e-04
8.905721062384080142e+03,-4.721462587404245959e-03
8.905721753471996635e+03,-4.838805888893960017e-03
8.905722450347151607e+03,-2.309794385217944779e-03
8.905723150231409818e+03,-4.432925359781458852e-03
8.905723839120473713e+03,-5.320149284153696811e-04
8.905724539004731923e+03,3.065955508879336655e-03
8.905725235879421234e+03,1.867415010320283564e-03
8.905725920486263931e+03,-3.543347194454926630e-03
8.905726622453890741e+03,2.344247365421492368e-03
8.905727316319476813e+03,-2.173748908748662778e-03
8.905728010416496545e+03,4.146721515397633340e-03
8.905728705092798918e+03,-2.592601870379462881e-03
8.905729398379568011e+03,4.056907692572275792e-04
8.905730093981605023e+03,1.746798263431825760e-03
8.905730792245361954e+03,6.233630007566270947e-03
8.905731481944676489e+03,2.170104741661349479e-03
8.905732176735997200e+03,9.080065800400882736e-03
8.905732872800901532e+03,-2.292072660242561177e-03
8.905733566897921264e+03,1.483688420750417514e-03
8.905734257407486439e+03,3.262465862271524131e-03
8.905735650463029742e+03,-6.218500831864037792e-03
8.905736343634314835e+03,-8.897111450077987982e-04
8.905737040624953806e+03,-5.036922651602937506e-03
8.905737734606489539e+03,1.878918480645475064e-03
8.905738425694406033e+03,-5.138566881548567444e-03
8.905739119097124785e+03,-3.708544040600503244e-03
8.905739817939698696e+03,-6.893408205310702641e-04
8.905740509837865829e+03,6.161984878200410520e-03
8.905741201851982623e+03,-4.762110087238591305e-03
8.905741899305488914e+03,3.347853251091104099e-04
8.905742593402974308e+03,-1.756254834659465303e-04
8.905743288541678339e+03,-1.515266370487267089e-03
8.905743980671279132e+03,-4.019604895113215726e-03
8.905744677661918104e+03,-2.653278962468919033e-04
8.905745370833203197e+03,-1.919630994217103037e-04
8.905746070023160428e+03,1.191303912313923519e-03
8.905746761227026582e+03,-1.754839697873267212e-03
8.905747455786913633e+03,-4.576898653802619066e-03
8.905748149884399027e+03,-2.278646294579855791e-03
8.905748841203749180e+03,3.930369436436320640e-03
8.905749540393706411e+03,-5.961672893193270539e-04
8.905750233796425164e+03,-2.318502634480634761e-03
8.905750931249931455e+03,-2.966275110230842671e-03
8.905751622453797609e+03,-4.627152680125257156e-03
8.905752317245583981e+03,-8.958343046908678886e-04
8.905753011342603713e+03,-6.344530994207842056e-04
8.905753702546469867e+03,-1.895021548201203387e-03
8.905754405092447996e+03,1.107753084486917672e-02
8.905755093402694911e+03,-1.009510331364316116e-03
8.905755784606561065e+03,-3.518145277173867491e-03
8.905756484143435955e+03,-9.456512941574679587e-05
8.905757178356405348e+03,1.597336401488735902e-03
8.905757875347044319e+03,2.244359951454999447e-03
8.905758560532238334e+03,-1.630907615419618928e-03
8.905759261921513826e+03,-4.335830313412780690e-03
8.905759957291651517e+03,-6.227784973360517284e-04
8.905760647916700691e+03,2.315750830206964039e-03
8.905761347569525242e+03,-1.682594487593114252e-03
8.905762043634429574e+03,6.899042605766902980e-04
8.905762734143529087e+03,-2.820370236726876811e-03
8.905763427314814180e+03,3.196246655876588960e-04
8.905764125000219792e+03,-3.930862898610221201e-03
8.905764819791540504e+03,-2.274555424153001937e-03
8.905765508680604398e+03,5.904880037077564481e-04
8.905766204860992730e+03,4.162220101545210937e-03
8.905766901736147702e+03,-2.978277007701923829e-03
8.905767592129763216e+03,-4.316704843472241038e-04
8.905768284838180989e+03,7.692039902862379819e-04
8.905768982985988259e+03,-4.739696988399932920e-03
8.905769675694406033e+03,-4.102525682577740085e-04
8.905770370486192405e+03,-7.511889878164534906e-05
8.905771063657477498e+03,-1.068953878677891822e-04
8.905771759953815490e+03,7.961634546518325806e-04
8.905772454513702542e+03,3.886960411542572658e-03
8.905773150115739554e+03,3.884496389645608616e-04
8.905773842708207667e+03,6.695854928455036159e-03
8.905774532986339182e+03,2.181063764657986681e-03
8.905775231365580112e+03,1.348305790394688231e-03
8.905775927430484444e+03,1.689809802742470168e-03
8.905776617245282978e+03,2.249324913349282085e-03
8.905777317824307829e+03,-3.573750043951107180e-03
8.905778013888746500e+03,2.212100144940443158e-03
8.905778703588061035e+03,4.484556128958150367e-03
8.905779396990779787e+03,-1.760641197372181388e-03
8.905780092360917479e+03,1.765238498089516384e-03
8.905780787847004831e+03,2.957420777657260302e-03
8.905781483911909163e+03,2.980748402562571897e-03
8.905782175115775317e+03,9.256954780085813184e-04
8.905782875694334507e+03,-2.069688388375401367e-03
8.905783562384080142e+03,-7.104310840402305871e-04
8.905784262963104993e+03,1.143006896442422260e-03
8.905784953472204506e+03,-4.764387840950456976e-03
8.905785648958291858e+03,-2.671205814090638064e-03
8.905786345254629850e+03,-5.607915247054839902e-03
8.905787034027744085e+03,-5.767265300197998990e-03
8.905787730324082077e+03,-1.211066464571364243e-03
8.905788428009487689e+03,4.213796905976341378e-04
8.905789123379625380e+03,5.514364255787995717e-03
8.905789815972093493e+03,1.774576443959174910e-03
8.905790515162050724e+03,3.886085475748313200e-04
8.905791206481400877e+03,7.821816199721220997e-03
8.905791898842435330e+03,4.457934175334354876e-03
8.905792594097089022e+03,5.873338786337445327e-04
8.905793284606654197e+03,4.476814411140894734e-03
8.905793986689765006e+03,-1.016633009392364784e-03
8.905794678356498480e+03,6.647075743404506909e-04
8.905795371759217232e+03,-5.671410114405084357e-04
8.905796067824121565e+03,-6.363875946008401563e-03
8.905796770717483014e+03,-1.831363305823563437e-03
8.905797459027729928e+03,1.446009759144439855e-03
8.905798150115646422e+03,1.363771319662587800e-03
8.905798843402881175e+03,-4.360180677938418903e-03
8.905799539467785507e+03,1.086997545995949110e-03
8.905800229976885021e+03,-1.356394066419075450e-03
8.905800929050892591e+03,-2.128954721947962092e-03
8.905801618518307805e+03,-6.495780636848413891e-03
8.905802321990951896e+03,1.117036279276728550e-03
8.905803013194352388e+03,4.238791862432034208e-04
8.905803704166784883e+03,-3.504939353452085626e-03
8.905804403356276453e+03,-3.681434519545723205e-03
8.905805097222328186e+03,-1.455592532625504809e-03
8.905805782638955861e+03,-3.428935031499324992e-03
8.905806483911816031e+03,2.247519724440705247e-03
8.905807175115682185e+03,3.800429292799334391e-03
8.905807872801087797e+03,2.037982529368154161e-04
8.905808563078753650e+03,-2.481114866026978838e-03
8.905809260763693601e+03,-3.571523148603761300e-03
8.905809953472111374e+03,-4.669303440143490747e-04
8.905810649537015706e+03,1.309770466511483988e-03
8.905811345023103058e+03,-3.281357122389860770e-03
8.905812042013742030e+03,1.113848231546477052e-03
8.905812733796425164e+03,-8.747540019984345605e-04
8.905813429976813495e+03,-1.796117855554890674e-03
8.905814121064729989e+03,1.788503814658559676e-03
8.905814816550817341e+03,1.812842918641921486e-03
8.905815514930523932e+03,2.925180599731014297e-03
8.905816205208189785e+03,1.019205794689836964e-03
8.905816900810226798e+03,2.491890944489316695e-04
8.905817589467391372e+03,5.940106200168715489e-03
8.905818290972150862e+03,9.446534760315650203e-05
8.905818984259385616e+03,-2.024437227009401319e-03
8.905819673147983849e+03,-1.708126234186146952e-03
8.905820374652743340e+03,-2.537919684441281021e-03
8.905821062037255615e+03,2.693359365508296577e-03
8.905821763194631785e+03,-2.045903577469032619e-03
8.905822455787099898e+03,8.541976524947259009e-04
8.905823153356555849e+03,4.285597466417989665e-03
8.905823845949023962e+03,-1.168728038976274419e-03
8.905824541435111314e+03,3.862533134720846917e-03
8.905825233912095428e+03,-1.800406405198295978e-03
8.905825930208433419e+03,3.470077187625930648e-03
8.905826618518680334e+03,2.092751643992807331e-03
8.905827311689965427e+03,-4.131155463900082481e-04
8.905828005786985159e+03,-5.234850609268093535e-04
8.905828702546190470e+03,4.082723080500727519e-04
8.905829395138658583e+03,1.592236178177053318e-03
8.905830092824064195e+03,5.301563754279481344e-03
8.905830790393520147e+03,2.848314645236715847e-03
8.905831481018569320e+03,1.240010335878949377e-04
8.905832177661824971e+03,2.959438655780743943e-05
8.905832874652929604e+03,-2.348219951722296805e-03
8.905833565856330097e+03,2.612777760916396019e-03
8.905834259722381830e+03,2.792363645865991728e-03
8.905834956018719822e+03,3.957340523702335133e-03
8.905835649305488914e+03,4.344928838666550774e-04
8.905836340393405408e+03,-5.591686575674659210e-03
8.905837039467412978e+03,-3.570379992609451492e-03
8.905837729050777853e+03,-7.039466312854791852e-04
8.905838427430484444e+03,-2.972590723688273151e-03
8.905839118634350598e+03,2.461594815033274486e-03
8.905839808217715472e+03,1.803194684856901375e-03
8.905840511689893901e+03,1.050640301817340472e-03
8.905841205671429634e+03,-6.048227465960120952e-04
8.905841898958198726e+03,2.132971101875824615e-04
8.905842597337905318e+03,-2.011770822855640795e-03
8.905843287731520832e+03,-4.958139409854678270e-03
8.905843979629687965e+03,-4.884811995571225474e-03
8.905844680903013796e+03,-3.757077962440624752e-03
8.905845371874980628e+03,-7.404413143889065907e-03
8.905846063078846782e+03,-1.990777393976794762e-03
8.905846762036904693e+03,-1.299021926940202576e-03
8.905847458333242685e+03,-1.609661969952380645e-04
8.905848148032557219e+03,-1.821081791760326141e-03
8.905848846990615129e+03,-1.827577899230714564e-03
8.905849543286953121e+03,-2.974005918194966291e-03
8.905850230902899057e+03,-7.741084053776159379e-04
8.905850926967803389e+03,-3.117641397897719102e-03
8.905851621759124100e+03,-3.615923785921459910e-03
8.905852312037255615e+03,-2.201796503257691384e-03
8.905853011921513826e+03,1.123043027145609329e-03
8.905853708912152797e+03,-4.477594659448969061e-03
8.905854402777738869e+03,-3.931718822699936666e-03
8.905855096180457622e+03,-3.517449192474986219e-03
8.905855789351742715e+03,-6.827554954902392836e-04
8.905856483449228108e+03,-5.065589579990814606e-03
8.905857178240548819e+03,-2.214884336315670055e-05
8.905857872800901532e+03,3.003876376770353573e-04
8.905858568402938545e+03,-8.482150411648348154e-05
8.905859261689707637e+03,-4.815841025590961166e-03
8.905859954860992730e+03,-2.979715534169424807e-03
8.905860648958478123e+03,-2.252763486122133507e-03
8.905861345022916794e+03,-4.195073936443249885e-03
8.905862044907640666e+03,-4.318947948387164004e-03
8.905862733912188560e+03,-1.570517619170264112e-03
8.905863428009208292e+03,-2.405473988834727628e-03
8.905864121874794364e+03,-1.497794006368957653e-03
8.905864815856330097e+03,-2.418035550681096879e-03
8.905865515740588307e+03,-3.559018756981835452e-03
8.905866201967466623e+03,-1.696700313420063111e-03
8.905866895138751715e+03,-4.615958020635968495e-03
8.905867596296127886e+03,2.470455850910102669e-03
8.905868291319347918e+03,-1.668653335842984475e-03
8.905868979398161173e+03,-1.389243907396808808e-03
8.905869680208154023e+03,-4.095669714205829592e-04
8.905870375347323716e+03,-1.584159035960430728e-03
8.905871070833411068e+03,-1.770689415352855178e-03
8.905871761342510581e+03,3.207544535346329440e-04
8.905872451620176435e+03,-1.296799186681241167e-03
8.905873147222213447e+03,2.714106404887228763e-03
8.905873849768657237e+03,2.754737291434938840e-04
8.905874546411912888e+03,-2.044460936555969610e-03
8.905875235763844103e+03,2.302273930838705240e-04
8.905875921643339097e+03,1.393238185346978852e-03
8.905876624421216547e+03,-2.876859881485671622e-03
8.905877317592501640e+03,2.038749642696568998e-03
8.905878015277907252e+03,3.198357925580097572e-04
8.905878710879478604e+03,1.701364030806118421e-04
8.905879401851911098e+03,-3.345999917225839226e-05
8.905880094560328871e+03,1.739073635216303870e-03
8.905880792013835162e+03,1.280364731054639549e-03
8.905881368402857333e+03,4.172330571039273295e-03
8.905881941203493625e+03,1.624658131508249781e-03
8.905882524652872235e+03,-1.190115870355334948e-04
8.905883101620245725e+03,-9.989802988399354433e-04
8.905883680092636496e+03,-1.106043784006915942e-03
8.905884279629681259e+03,8.233997640474388646e-04
8.905884960532188416e+03,2.353392250994401635e-03
8.905885650925803930e+03,1.313893695499501746e-03
8.905886346296407282e+03,9.738190795818280066e-04
8.905887038888875395e+03,3.225421627721658524e-04
8.905887732291594148e+03,-7.522518827742796788e-04
8.905888432754669338e+03,-5.966147097804519461e-04
8.905889121064916253e+03,-2.361539837722137491e-03
8.905889818749856204e+03,1.317686531719930443e-03
8.905890511226840317e+03,-1.560269875806818973e-03
8.905891202314756811e+03,1.082944060887269799e-03
8.905891903472132981e+03,-1.603860371892862346e-03
8.905892596180550754e+03,1.525185659552841244e-03
8.905893289467785507e+03,-1.442763686735348827e-03
8.905893987731542438e+03,-7.922636422643680731e-04
8.905894674537237734e+03,-1.706257191504079174e-03
8.905895373495295644e+03,-7.055738868746441739e-04
8.905896068402566016e+03,-2.281859700332899976e-03
8.905896763194352388e+03,7.382261275472590256e-04
8.905897457060404122e+03,-3.667991596404407417e-03
8.905898150463122874e+03,-2.463111776561777155e-03
8.905898845254443586e+03,-1.754893747598851306e-03
8.905899541319347918e+03,1.634529523959482589e-04
8.905900233217515051e+03,-2.634248155441998307e-04
8.905900927083566785e+03,-5.451383858188219023e-04
8.905901622685138136e+03,-2.560800039446142762e-03
8.905902315509039909e+03,7.573761044787907792e-04
8.905902999999932945e+03,-2.133242568318927113e-03
8.905903705671429634e+03,3.701665389631569880e-03
8.905904400462750345e+03,5.143084963386002073e-04
8.905905095717404038e+03,2.688256157841628635e-03
8.915202716877036437e+03,6.875091552990264532e-04
8.915203297548279807e+03,5.223421212674494996e-04
8.915203878219523176e+03,1.219073342062948484e-03
8.915204458080515906e+03,-1.463086645251410189e-04
8.915205053913690790e+03,-2.200764687575351708e-03
8.915205625789058104e+03,1.641708448299916689e-03
8.915206202872381255e+03,1.245165747197796158e-03
8.915206781344306364e+03,-2.370365628600046293e-04
8.915207362015549734e+03,-4.211931587937645105e-03
8.915207942571309104e+03,-4.361396980852139116e-03
8.915208526136171713e+03,1.964772589367669298e-03
8.915209100904692605e+03,1.224094014537269182e-03
8.915209673589844897e+03,-1.718493429131551231e-03
8.915210256344456866e+03,3.711908583379663895e-03
8.915210837015700235e+03,-2.516614323533783448e-03
8.915211421274863824e+03,2.185944880493950748e-03
8.915211996159334376e+03,4.447578502140281387e-04
8.915212574747209146e+03,-2.236015707508864914e-03
8.915213147432361438e+03,-1.595997512742974855e-03
8.915213729261238768e+03,5.630646798052696411e-04
8.915214307733163878e+03,-4.453548361865400373e-03
8.915214888404872909e+03,-1.543517777140568370e-03
8.915215470349234238e+03,1.245201108175497673e-03
8.915216046737790748e+03,1.433207592719365486e-03
8.915216620233193680e+03,-4.441717299836112076e-03
8.915217203682572290e+03,-1.142211578752050372e-03
8.915217782849264040e+03,-2.424725204291822145e-03
8.915218362131439790e+03,-3.260642581904504844e-03
8.915218955649812415e+03,1.328066462683574755e-03
8.915219564446066215e+03,-7.453208270943312286e-04
8.915220145001825585e+03,3.209948113338745301e-03
8.915220725673068955e+03,1.037474283317907364e-03
8.915221305765961006e+03,1.313643893400273654e-03
8.915221886900071695e+03,5.242192599672845787e-03
8.915222466066763445e+03,-2.181639127181722593e-03
8.915223096622437879e+03,-3.037779881380875402e-03
8.915223672779560729e+03,3.566057587643944871e-04
8.915224249168582901e+03,9.832436341201677976e-04
8.915224829029575631e+03,8.756509094700604123e-04
8.915225415372107818e+03,4.324605216879939817e-04
8.915225991761129990e+03,-1.474819213360012427e-03
8.915226589098856493e+03,-2.977401412937452641e-03
8.915227164562144026e+03,2.145432023305193781e-03
8.915227748127006635e+03,6.016824774039974955e-04
8.915228328682300344e+03,-1.981035216478077565e-03
8.915228907848992094e+03,3.894310881425999682e-04
8.915229485626616224e+03,1.746903744893613109e-03
8.915230066182375595e+03,-1.486960886816435234e-03
8.915230643265698745e+03,6.727275426732237662e-04
8.915231216066800698e+03,2.561127618168290709e-03
8.915231798126646027e+03,3.670474867595308055e-04
8.915232380997207656e+03,-1.210138338802790869e-03
8.915232960279849067e+03,-8.249561906769065089e-04
8.915233540024892136e+03,2.339599917477341862e-03
8.915234117108215287e+03,2.884574038397369478e-03
8.915234691297919198e+03,5.921043300849859747e-03
8.915235274168480828e+03,3.383139399075307807e-03
8.915235851946104958e+03,-3.222124846127050191e-03
8.915236433196165308e+03,-2.428411990186840619e-03
8.915237014562175318e+03,7.355101769477290219e-04
8.915237621969361498e+03,2.839921312333348880e-03
8.915238201020569250e+03,9.084727443686713144e-04
8.915238780302744999e+03,-2.022458555996364815e-03
8.915239361900188669e+03,3.981447300521523402e-03
8.915239943728600338e+03,-6.963764171796782421e-05
8.915240522895292088e+03,5.006543401180119091e-03
8.915241130186994269e+03,3.522772904211546319e-03
8.915241707270317420e+03,-1.548937012766926635e-03
8.915242290835180029e+03,-4.200127427037014805e-03
8.915242874400042638e+03,2.008536697089224887e-03
8.915243451251932129e+03,1.928652586357104681e-03
8.915244034122028097e+03,7.963723910042741494e-04
8.915244656576127454e+03,3.548007027438293548e-03
8.915245232154433324e+03,3.487603362317237554e-03
8.915245816992413893e+03,1.977270753017013050e-03
8.915246397779606923e+03,-6.150084982845527293e-04
8.915246974052679434e+03,1.072703934290997196e-02
8.915247557617542043e+03,-1.741718893353172426e-03
8.915248151135914668e+03,-1.963703914553249774e-03
8.915248726830635860e+03,-1.881344116178462755e-03
8.915249303682525351e+03,-3.774622828479401448e-03
8.915249881460149481e+03,3.052858960898019447e-03
8.915250464330711111e+03,2.766857419456369982e-03
8.915251042687152221e+03,-3.227541247536436231e-03
8.915251624168646231e+03,-1.827064582490933731e-03
8.915252200441718742e+03,-2.027616390895103926e-03
8.915252773821172013e+03,-1.675987178384463760e-04
8.915253352987863764e+03,-2.976152518141983450e-03
8.915253933659107133e+03,-2.050438427483425308e-03
8.915254514909167483e+03,-3.700741487051795175e-03
8.915255095580410853e+03,3.299334246134710824e-03
8.915255671737999364e+03,-2.483274578432115298e-03
8.915256248821322515e+03,-2.262558120437518916e-03
8.915256827409197285e+03,-2.446840982152864719e-03
8.915257408080440655e+03,1.918669120875016176e-04
8.915257987825949385e+03,-4.809511996091475616e-03
8.915258570696511015e+03,-1.698813430678014491e-03
8.915259181576133415e+03,2.200998961794597975e-03
8.915259760858309164e+03,-2.683846271833600916e-03
8.915260338404499635e+03,1.702467975555954638e-03
8.915260916992374405e+03,-1.150385850046120595e-04
8.915261497664083436e+03,-4.604027781811570463e-04
8.915262078913678124e+03,-4.934545229063447280e-03
8.915262707964800938e+03,-1.987591313978076535e-03
8.915263284353823110e+03,3.307997144355034891e-04
8.915263859006394341e+03,2.821356349098413929e-03
8.915264441876955971e+03,3.944568931688596791e-04
8.915265023358449980e+03,-3.012103023434020699e-03
8.915265599515572831e+03,2.226090764773314135e-03
8.915266199631434574e+03,-8.386287029977790297e-04
8.915266775904507085e+03,2.717173300788022772e-03
8.915267361784171953e+03,-1.076107670630932489e-03
8.915267938867495104e+03,-5.726508838790334011e-04
8.915268518150136515e+03,-3.063929660063191562e-04
8.915269097895179584e+03,3.423367244637764983e-03
8.915269681691475853e+03,-1.153305430268147802e-06
8.915270257849064365e+03,7.178605798283665962e-04
8.915270833427835896e+03,-2.964067374983447856e-03
8.915271413404778286e+03,-3.612167033326008081e-03
8.915271994076021656e+03,1.467624046839866025e-03
8.915272576020382985e+03,-1.072347950011875994e-03
8.915273155302558735e+03,-9.265040599002460908e-04
8.915273730765846267e+03,-1.249364011790321527e-03
8.915274307154402777e+03,-2.940678478634994875e-03
8.915274884816542908e+03,-8.551274146579856961e-04
8.915275466876853898e+03,-6.926606821142988757e-03
8.915276049052648887e+03,-1.005542552420313207e-02
8.915276625904538378e+03,-1.703095090367034992e-03
8.915277203682628169e+03,-1.787114944860279664e-03
8.915277780765951320e+03,-1.021734593499523669e-03
8.915278354145404592e+03,6.424495589489875869e-04
8.915278936205715581e+03,-2.457594318892697416e-03
8.915279519075811550e+03,-2.233096704690296086e-03
8.915280099747054919e+03,-1.344538776609338626e-03
8.915280675210342451e+03,-2.108340334861624754e-03
8.915281248473846063e+03,-4.495897385020874992e-03
8.915281830650106713e+03,9.580558068034150665e-04
8.915282411321350082e+03,-3.424530494867905617e-03
8.915282992686894431e+03,-6.457643972920035225e-03
8.915283571853586182e+03,-2.771022760823971254e-03
8.915284146738056734e+03,-3.750181443973765738e-03
8.915284722895179584e+03,-8.367685401526880895e-04
8.915285302872121974e+03,-2.880751507204903916e-03
8.915285885742683604e+03,-3.186635325014730569e-03
8.915286463288874074e+03,-5.150582321552077403e-03
8.915287044770368084e+03,-4.023589485591116954e-05
8.915287655071173504e+03,2.056249342744509434e-03
8.915288236321233853e+03,-3.755316002861164293e-03
8.915288814793624624e+03,-5.610442388096492650e-03
8.915289396737985953e+03,-3.474748414741046787e-03
8.915289976020161703e+03,-2.430752696662930035e-03
8.915290556691870734e+03,-6.704473477536776471e-04
8.915291193497185304e+03,-4.567206765014764080e-03
8.915291768497139856e+03,-6.904665604783533084e-03
8.915292347663831606e+03,-5.437839183464299175e-03
8.915292926830523356e+03,-2.155733494807354766e-03
8.915293510279436305e+03,-5.562192713908231667e-04
8.915294083080538257e+03,-3.678370496473348794e-03
8.915294685279768601e+03,-6.768388351110488088e-04
8.915295260163773492e+03,-6.995946247177919908e-03
8.915295833427742764e+03,-7.630685121386981962e-04
8.915296414214935794e+03,-2.348261591172962071e-03
8.915296996274781122e+03,-5.976888555362602773e-03
8.915297576946490153e+03,-4.856872088976338375e-04
8.915298169075795158e+03,-3.611384310734266911e-03
8.915298745348867669e+03,2.073386183361503043e-03
8.915299320117388561e+03,-3.135352510749811472e-03
8.915299894307558134e+03,-1.533220526560685748e-03
8.915300468497262045e+03,-5.006301883020092269e-03
8.915301049052555754e+03,-3.260830054325869476e-03
8.915301641298276081e+03,-6.395504256460293746e-03
8.915302216182280972e+03,-4.173414930239371934e-03
8.915302790950801864e+03,1.112777937930520267e-04
8.915303374515664473e+03,-3.579522385685152130e-03
8.915303951598987624e+03,1.753869748883252200e-03
8.915304522664104297e+03,-1.717219569763450693e-03
8.915305114214592322e+03,3.622671927562493011e-03
8.915305689677879855e+03,8.429892518191373085e-05
8.915306264793318405e+03,7.191502309842334739e-04
8.915306847316496714e+03,-8.672495772688026960e-04
8.915307426830571785e+03,-1.921393400258430972e-03
8.915308006112747535e+03,-1.584292847978119312e-05
8.915308587710191205e+03,7.589410338286750601e-04
8.915309163173013076e+03,4.698341903048852686e-04
8.915309739562035247e+03,-2.451542157523856069e-03
8.915310318612777337e+03,2.791826363131910682e-03
8.915310900673088327e+03,2.022991666081885853e-03
8.915311481344331696e+03,4.635371060879300842e-04
8.915312063404642686e+03,-4.025999158487891805e-04
8.915312638983414217e+03,1.219994273558899778e-03
8.915313216992472007e+03,6.280009958155030603e-04
8.915313792918626859e+03,-1.672899670161598351e-03
8.915314370696250990e+03,2.256899029448922178e-03
8.915314951483444020e+03,-3.981405988902064763e-04
8.915315534816872969e+03,-1.962171391329481374e-03
8.915316111900196120e+03,9.875854738394806986e-04
8.915316687594451651e+03,1.919801996092651564e-03
8.915317263057273522e+03,-7.458827773663134764e-04
8.915317845811885491e+03,1.446421795590069337e-03
8.915318427293379500e+03,6.691921072699003048e-04
8.915319017224297568e+03,-3.972546569757429147e-03
8.915319592802603438e+03,-8.127266555073564547e-04
8.915320170464743569e+03,1.183317418566254275e-03
8.915320748242367699e+03,-3.294552612681855841e-03
8.915321328219310089e+03,-1.984242576346995079e-03
8.915321910858438059e+03,-1.681303158874491999e-03
8.915322491529681429e+03,4.347151892201139844e-04
8.915323100441884890e+03,-3.810281219471134406e-03
8.915323680186927959e+03,1.093361064055109466e-03
8.915324259469569370e+03,7.188660338413033202e-04
8.915324840024863079e+03,-2.970601837837705261e-03
8.915325421390873089e+03,-1.623113760334082833e-03
8.915325999168497219e+03,2.267744610733757327e-03
8.915326630649906292e+03,1.429220094545158304e-03
8.915327206228677824e+03,-2.643962309443415037e-03
8.915327781922933355e+03,5.470212315603628639e-04
8.915328363172993704e+03,-1.275346917053443718e-03
8.915328943844237074e+03,4.266399537785403595e-03
8.915329525904548063e+03,7.424296194709079089e-04
8.915330130997397646e+03,3.732427607536559222e-03
8.915330706691653177e+03,4.119125586480754109e-03
8.915331279955622449e+03,9.467700858523109275e-04
8.915332441992410168e+03,-1.005431762425290643e-03
8.915333021969352558e+03,-5.045195553023962276e-04
8.915333603219412907e+03,-3.509238778278689352e-04
8.915334178913668438e+03,1.093484333366312455e-03
8.915334755071256950e+03,-1.283131775823176390e-03
8.915335332154580101e+03,-4.072123272873540145e-04
8.915335914909192070e+03,3.308429981338623094e-03
8.918281419283877767e+03,1.905863138820240721e-04
8.918281995898745663e+03,-3.727381990198508355e-03
8.918282571703362919e+03,-1.335193313994120778e-03
8.918283146582245536e+03,3.136013886816169105e-03
8.918283721576612152e+03,1.058203110767985677e-03
8.918284297381229408e+03,-8.773302433024987579e-04
8.918284872607029683e+03,1.997792059534209130e-03
8.918285447138528980e+03,2.853443178347792042e-04
8.918286019586659677e+03,-2.656283363670519648e-03
8.918286602451167710e+03,1.726383503811268483e-03
8.918287177330050326e+03,2.744906381935585671e-03
8.918287752903233923e+03,-1.951453069863662293e-03
8.918288328360467858e+03,3.214493421097586179e-04
8.918288906479421712e+03,-3.001003797950763108e-03
8.918289484251457907e+03,2.741856923571539539e-03
8.918290057741272904e+03,-5.246674671117723676e-04
8.918290633430406160e+03,-2.332639299219563256e-03
8.918291209003589756e+03,-3.032794340999234173e-03
8.918291888742409355e+03,-1.235883607757504166e-03
8.918292488851751841e+03,-5.568759037378745447e-04
8.918293068939055956e+03,-8.421315776130366970e-04
8.918293645900841511e+03,4.222251697499013190e-03
8.918294221474025107e+03,5.677717454586339585e-04
8.918294795658141084e+03,-2.146771887704068682e-03
8.918295369842722721e+03,1.489298027028018723e-03
8.918295945414974994e+03,3.037659093734434990e-03
8.918296521104108251e+03,9.031651887385638844e-04
8.918297096677291847e+03,1.493134031629095304e-03
8.918297671555708803e+03,-1.282252214831691717e-03
8.918298253610431857e+03,-9.540358036626006566e-04
8.918298829183149792e+03,-3.499591944837621149e-03
8.918299404871817387e+03,-1.023321756341788458e-03
8.918299979750700004e+03,2.919470609380914183e-03
8.918300555323883600e+03,-6.693137534795612353e-04
8.918301130202300556e+03,3.238134272803616653e-03
8.918301705775018490e+03,-4.102918437689395681e-03
8.918302280653901107e+03,-2.613428205957779582e-03
8.918302856226619042e+03,1.293742115574758600e-03
8.918303432610053278e+03,1.608903205430944894e-03
8.918304009687788493e+03,2.807361002721275867e-05
8.918304583755954809e+03,-3.015329289081547515e-03
8.918305159444622404e+03,5.598797104111596923e-04
8.918305734323505021e+03,-9.561481410260697089e-04
8.918306309896688617e+03,-2.212160746927871458e-03
8.918306885469406552e+03,3.411404789211314181e-03
8.918307461042124487e+03,-4.780456737466187711e-03
8.918308035921007104e+03,-9.354658618959676986e-04
8.918308611725158698e+03,-2.631048408756941903e-03
8.918309186603575654e+03,-3.537286467895639497e-03
8.918309762292708911e+03,-8.772549751577818355e-04
8.918310337865426845e+03,-2.928453942090403217e-04
8.918310913091227121e+03,2.673389121963687387e-03
8.918311487969644077e+03,-1.314950895129674002e-03
8.918312063542827673e+03,1.630419782244318938e-03
8.918312638421244628e+03,1.154530444931189948e-03
8.918313214109912224e+03,3.268898174033640913e-04
8.918313788294028200e+03,-1.152597906242114334e-04
8.918314363056961156e+03,-1.520875398975829462e-03
8.918314938629679091e+03,-1.377414757090300590e-03
8.918315512813795067e+03,1.566792670390393383e-03
8.918316086997911043e+03,-1.596543132321048830e-03
8.918316661182027019e+03,8.175483044390308152e-04
8.918317236060443975e+03,2.751787775729930274e-03
8.918317811633161909e+03,-4.244356038005880905e-03
8.918318385817743547e+03,-2.850235130147482643e-03
8.918318960695694841e+03,-6.432936321798532475e-03
8.918319536268878437e+03,-1.195825551638884932e-03
8.918320111147295393e+03,2.415735522140360914e-03
8.918320686720013327e+03,2.711293655030866390e-03
8.918321263102981902e+03,6.406906353111585517e-03
8.918321838676165498e+03,-1.138344606281482818e-03
8.918322413555048115e+03,-4.263497567242868769e-04
8.918322989127766050e+03,-3.038790928306944750e-03
8.918323564816433645e+03,-1.526122523311301826e-03
8.918324140389151580e+03,-1.229588597279618334e-03
8.918324711448214657e+03,4.271680148174583636e-04
8.918325279613658495e+03,-4.476012011646490762e-03
8.918325855996627070e+03,-3.695044219536369745e-03
8.918326430875509686e+03,-8.647210897967383403e-04
8.918327006448227621e+03,-2.589614680989282824e-03
8.918327582830730535e+03,-2.327130118814357829e-04
8.918328158403914131e+03,1.378551500180735800e-04
8.918328733282331086e+03,9.396982054734603906e-04
8.918329308855514682e+03,-2.944673483588067242e-04
8.918329883733465977e+03,1.877078522234398861e-03
8.918330459306649573e+03,-7.071345625444536154e-04
8.918331034995317168e+03,-1.381723262979250855e-03
8.918331612767353363e+03,-4.496511851901807688e-03
8.918332191001791216e+03,-9.308015922386836394e-04
8.918332768773827411e+03,3.969414033369034200e-03
8.918333344925362326e+03,8.085165940666882989e-03
8.918333921308330901e+03,-1.004143709028904041e-03
8.918334550468884117e+03,3.134196925930865518e-03
8.918335134375076450e+03,-3.012247884418450816e-03
8.918335711336396344e+03,3.628511141415824426e-03
8.918336288645099557e+03,4.180887230325058823e-03
8.918336864912584133e+03,2.767721343615692220e-03
8.918337442684620328e+03,-1.012379448916966851e-04
8.918338019762355543e+03,2.506054192159545835e-03
8.918338600658978976e+03,-3.978528483001508853e-03
8.918339177041947551e+03,1.644022743259476727e-03
8.918339754813518084e+03,2.154539627261531365e-04
8.918340332007202960e+03,-1.782111986540435566e-03
8.918340908158272214e+03,-1.195615435867325438e-03
8.918341485930308409e+03,1.067900842472990774e-04
8.918342062544710643e+03,2.573043605613722917e-05
8.918342638117428578e+03,1.495481837530121538e-03
8.918343213921580173e+03,-1.253036480703295652e-03
8.918343789263330109e+03,-1.121526906344372243e-03
8.918344373632389761e+03,2.352659997912898149e-04
8.918344950593709655e+03,-1.695926477828346712e-03
8.918345528365745849e+03,-2.698295313623311209e-03
8.918346106948032684e+03,-1.732191238917546450e-03
8.918346685413904197e+03,1.705803565759556051e-03
8.918347260986622132e+03,-1.997549015046118370e-03
8.918347837369590707e+03,-7.380883809715577115e-04
8.918348421970084019e+03,-1.675249380564181045e-03
8.918348998121618934e+03,-6.805084744953004972e-04
8.918349576009139128e+03,3.340258875040635900e-03
8.918350153086408682e+03,-3.317844213429066436e-03
8.918350728890560276e+03,-5.314382184717914015e-05
8.918351305968295492e+03,-8.761704955229099312e-06
8.918351883740331687e+03,-3.150981404461017377e-03
8.918352459197099961e+03,-3.272497807713325990e-03
8.918353034885301895e+03,-7.187546176945502907e-05
8.918353611152320809e+03,9.865934394246433925e-04
8.918354189850557304e+03,1.740252795851215950e-03
8.918354765654708899e+03,-4.233406601517053502e-04
8.918355342731978453e+03,1.014448699391268249e-03
8.918355918536130048e+03,-1.740095098937688434e-04
8.918356495497915603e+03,-1.066525274157736902e-03
8.918357072575185157e+03,1.491613750220555090e-03
8.918357651851307310e+03,-4.847579885833841473e-04
8.918358228813558526e+03,-2.545602117944301135e-03
8.918358805543444760e+03,3.681138274373996211e-03
8.918359382504764653e+03,1.552203407289676207e-03
8.918359962475653447e+03,-4.576710465364897118e-05
8.918360538858622022e+03,-1.454320906807748948e-03
8.918361117324959196e+03,1.562728698224269408e-03
8.918361691624093510e+03,2.709448404664138721e-03
8.918362269396129705e+03,-8.742181798976345064e-04
8.918362848440818198e+03,-1.352912524933413962e-04
8.918363423319700814e+03,-4.403979141678671105e-03
8.918364001322705008e+03,-3.906337820509642178e-03
8.918364578168540902e+03,-9.292185243007233808e-04
8.918365154435559816e+03,2.153971924872655208e-03
8.918365731744263030e+03,7.046835531254735940e-05
8.918366308706048585e+03,-5.412058803620944936e-03
8.918366886477619119e+03,1.755924976462486242e-03
8.918367464943956293e+03,-1.620466792440100612e-03
8.918368041326924867e+03,1.031806586789363323e-03
8.918368618519678421e+03,-2.904281063258906670e-03
8.918369197796266235e+03,2.402304044307079778e-03
8.918369774757586129e+03,-2.558296058662756778e-03
8.918370351140554703e+03,-6.235126970258741963e-04
8.918370928912125237e+03,-2.989765038683089848e-03
8.918371505410577811e+03,1.025941840208988154e-03
8.918372082487847365e+03,2.279726738343645920e-03
8.918372658060565300e+03,-4.565296900825854820e-04
8.918373236526902474e+03,-2.796020395444465123e-03
8.918373812793921388e+03,-1.317147753739034144e-03
8.918374390565491922e+03,-1.658360251614032777e-04
8.918374967642761476e+03,-5.071445354134507255e-04
8.918375546919349290e+03,-2.918481136268025189e-03
8.918376123186368204e+03,5.569532634690510520e-04
8.918376701189372397e+03,-3.086134064533729848e-03
8.918377277456856973e+03,-4.767581296700629245e-03
8.918377855459861166e+03,1.676836823310212665e-03
8.918378433926198340e+03,7.479964686312179367e-04
8.918379011003467895e+03,-1.531235815687814750e-03
8.918379588196221448e+03,-9.685615660196544852e-04
8.918380163768939383e+03,-5.844689857870122296e-06
8.918380741540509916e+03,-3.307734727461930646e-03
8.918381318617779471e+03,3.397739288143242220e-03
8.918381895695514686e+03,7.445715312512923845e-04
8.918382472656834580e+03,-2.785409181396358846e-03
8.918383049965072132e+03,-1.541212756639209758e-03
8.918383627736642666e+03,1.465650171547316916e-03
8.918384204351044900e+03,-1.252553014905233297e-03
8.918384781775697775e+03,2.791571895469191489e-03
8.918385359547268308e+03,1.892856876970716584e-03
8.918385937319304503e+03,5.063141284964434163e-04
8.918386558608784981e+03,2.526484753381241788e-03
8.918387137075122155e+03,1.322396634464428899e-03
8.918387719012964226e+03,1.542321541381008743e-03
8.918388292270879901e+03,4.526018505460971397e-03
8.918388875250871934e+03,1.773959167330918518e-03
8.918389459041114605e+03,-3.286472878509916207e-03
8.918390036581251479e+03,-8.675033004558185823e-04
8.918390618866476871e+03,1.899447247823982110e-04
8.918391196059696085e+03,-4.298582761633751304e-03
8.918391776493452198e+03,-5.316184791028799594e-04
8.918392351602837152e+03,-1.644812688472718776e-04
8.918392928333189047e+03,2.746724965754232528e-03
8.918393505641892261e+03,2.966844209716823499e-03
8.918394087348300673e+03,1.608594981471700436e-03
8.918394661069083668e+03,-5.291948407910473939e-03
8.918395243238825060e+03,1.752358232216311151e-03
8.918395821936595894e+03,-7.054517014863925795e-04
8.918396402369886346e+03,-2.197184715315270154e-03
8.918396977479736961e+03,-1.963018319412701551e-03
8.918397559996861673e+03,1.192055709741790537e-03
8.918398141471836425e+03,9.995359036518713935e-04
8.918398723062760837e+03,6.666912879562669758e-04
8.918399300140030391e+03,1.187650954003194315e-03
8.918399881152603484e+03,1.328620769555310943e-03
8.918400460776108957e+03,-3.888433606128116615e-03
8.918401037968862511e+03,-8.434112319919417899e-04
8.918401612499430485e+03,-2.788838257755110739e-03
8.918402188882399059e+03,-3.976994390299193327e-03
8.918402762256264396e+03,-4.000580533222386492e-03
8.918403343847188808e+03,2.404369629569469424e-04
8.918403925900980539e+03,-2.507406096178277366e-03
8.918404501126315154e+03,4.693521564176572625e-03
8.918405083412006206e+03,4.781039558349409191e-03
8.918405667317267216e+03,-3.571479328838833567e-04
8.918406242889985151e+03,1.275112896272467822e-03
8.918406822166572965e+03,1.223818685723854216e-03
8.918407399937677837e+03,-4.304001666345702581e-03
8.918407977709248371e+03,-1.680072709822733046e-03
8.918408555481284566e+03,-2.126624681097810665e-03
8.918409133368339099e+03,-7.632094904853947703e-03
8.918409709750842012e+03,-3.371042064287954609e-03
8.918410287522878207e+03,8.290206655390264245e-04
8.918410865988749720e+03,-1.732907817010187479e-03
8.918411442718635953e+03,-2.056805615917145502e-03
8.918412020490206487e+03,1.407507612754654858e-03
8.918412604049015499e+03,4.127301813642070272e-03
8.918413181009869731e+03,1.887413645769830950e-03
8.918413758087139286e+03,1.217156621742265799e-03
8.918414335164408840e+03,-1.064660609797485336e-03
8.918414910736661113e+03,1.719615049310618815e-03
8.918415488740130968e+03,1.266644900372870808e-03
8.918416066511701501e+03,-4.431482446254020324e-03
8.918416645093057014e+03,-2.546510639094390349e-03
8.918417222054842568e+03,1.288041221387814517e-04
8.918417799826413102e+03,1.172884365301829490e-03
8.918418376092966355e+03,4.832361726290868020e-03
8.918418953170235909e+03,-2.734372826063147244e-04
8.918419529437254823e+03,-5.298506499205046794e-04
8.918420105819757737e+03,9.795405661683354026e-05
8.918420682086776651e+03,2.609805881978788378e-03
8.918421259511429525e+03,-1.658213337094371909e-03
8.918421837282534398e+03,-5.720970745652920186e-04
8.918422413896936632e+03,2.838553807231081194e-03
8.918422990973740525e+03,-4.367409155570323165e-03
8.918423568745311059e+03,-2.672852715247087119e-03
8.918424147211648233e+03,-3.050655893645504158e-03
8.918424725793003745e+03,-3.868481750298302657e-03
8.918425303565039940e+03,-5.406699500198897113e-04
8.918425882030445791e+03,-3.321344863049913165e-03
8.918426457603163726e+03,-1.345426958114348537e-03
8.918427035374734260e+03,-4.091379467878186738e-03
8.918427613146304793e+03,-2.968144314079212975e-03
8.918428190917875327e+03,1.931521307349415295e-03
8.918428767415862239e+03,-6.912618100345380157e-04
8.918429344493131794e+03,-4.478162846199951197e-03
8.918429920760150708e+03,-1.762394802178546271e-03
8.918430498531721241e+03,2.470839119463219546e-03
8.918431075608990795e+03,-7.999862012056158100e-03
8.918431653380095668e+03,-2.536802768685952891e-03
8.918432231846432842e+03,-2.700185672099841838e-05
8.918432809618003375e+03,8.849417572061035742e-04
8.918433387389108248e+03,-2.525986008108382919e-04
8.918433963772076822e+03,-5.622104677830530584e-03
8.918434541543181695e+03,-4.766996419958036135e-03
8.918435119315217889e+03,-7.346486657013873156e-03
8.918435699169691361e+03,-4.633707292075572859e-03
8.918436276246960915e+03,2.402685027315332178e-03
8.918436853323764808e+03,-2.855848973809749225e-03
8.918437429012432403e+03,-3.024571883436411035e-03
8.918438075417354412e+03,-3.364043152691342797e-03
8.918438653998709924e+03,-3.553147928286426449e-03
8.918439230613112159e+03,-7.526759038208652441e-03
8.918439807690381713e+03,-1.258782210099340659e-03
8.918440385461486585e+03,-1.702381446991640956e-03
8.918440963927823759e+03,-8.720519092623169044e-03
8.918441541004627652e+03,-2.260672780092454204e-03
8.918442117271646566e+03,-4.003904693097970480e-03
8.918442696663252718e+03,-8.207857394820328167e-03
8.918443273740522272e+03,-6.181478260539829961e-03
8.918443852900694765e+03,-2.890261261040416585e-03
8.918444429283663339e+03,-7.052448064887584245e-03
8.918445009138136811e+03,-2.088732394697201400e-03
8.918445586215406365e+03,-3.320047797450542681e-03
8.918446162597909279e+03,1.567511667806664732e-03
8.918446741063780792e+03,-5.148553182474646661e-03
8.918447318140584684e+03,-4.160762761092784423e-03
8.918447896606921859e+03,-9.473020391522646300e-03
8.918448474378026731e+03,-4.332305522250057273e-03
8.918449052150062926e+03,-5.259309482363638821e-03
8.918449630615468777e+03,9.780818582865169475e-04
8.918450208387504972e+03,-4.169968615065466899e-03
8.918450785348359204e+03,1.359204857268592193e-03
8.918451361036561138e+03,9.020845910880925800e-04
8.918451937303580053e+03,-2.785202879225012751e-03
8.918452515075150586e+03,-3.977714637170337575e-03
8.918453092730771459e+03,-8.360089722510011256e-04
8.918453669691625691e+03,-3.952250726560357919e-03
8.918454246768895246e+03,-1.814199457187637421e-03
8.918454822341147519e+03,2.638099135563454212e-04
8.918455398724116094e+03,4.017236741635787922e-04
8.918455975916403986e+03,1.264358226055417589e-03
8.918456552299372561e+03,-3.083288186195742853e-03
8.918457130070477433e+03,-6.044748129099164480e-03
8.918457708536814607e+03,7.503683065872568392e-04
8.918458287002686120e+03,2.175356638959735633e-03
8.918458861880637414e+03,2.408846916713169861e-03
8.918459439652207948e+03,1.627373006567678360e-03
8.918460016498043842e+03,-1.727731314898228732e-03
8.918460593227464415e+03,6.609904473128924707e-03
8.918461168800182350e+03,-4.227256923758249130e-03
8.918461746223903901e+03,-5.112309035328888029e-04
8.918462322606872476e+03,-2.302544403445905274e-03
8.918462900493927009e+03,1.548842939866901247e-03
8.918463476644996263e+03,2.393992542669920454e-03
8.918464053606316156e+03,-3.200055896445785919e-03
8.918464630683120049e+03,7.373124257730179210e-04
8.918465208454690583e+03,4.061268514633065152e-03
8.918465787730812735e+03,-2.305097522604215854e-03
8.918466366197149910e+03,-1.203869919932598620e-03
8.918466942463703163e+03,4.736785510011776168e-03
8.918467520118858374e+03,3.492709380965131061e-03
8.918468097312077589e+03,1.074524866790715905e-03
8.918468672884329862e+03,-4.344225984271421481e-03
8.918469253549519635e+03,2.224631868013027258e-04
8.918469828311521269e+03,6.023043193315702482e-03
8.918470407240725763e+03,-1.885137390548852210e-03
8.918470982928462035e+03,3.624392541655474531e-03
8.918471560121215589e+03,7.402170753103565204e-04
8.918472136272284843e+03,5.362526450111149146e-03
8.918472713349554397e+03,-3.530284718605392058e-03
8.918473293204493530e+03,-4.412164468489132574e-03
8.918473871785849042e+03,-1.022093521135580829e-03
8.918474448052402295e+03,-1.199423495982010479e-03
8.918475023625120230e+03,-6.162138629929536648e-03
8.918475600701924122e+03,-2.201788674444093985e-03
8.918476177779193677e+03,-6.861756180704947639e-04
8.918476755550298549e+03,-1.187563197158070238e-04
8.918477332627568103e+03,1.091896139804759969e-03
8.918477909588887997e+03,2.858284429328339371e-03
8.918478486665691889e+03,-8.917273114457113792e-04
8.918479062932710804e+03,2.556012658269102289e-03
8.918479640703815676e+03,-2.797931213636806191e-03
8.918480218012518890e+03,-7.975118380549983677e-03
8.918480794163588143e+03,1.053887969602040897e-04
8.918481370430141396e+03,-3.684548744365745421e-03
8.918481947854794271e+03,-1.294025539073206943e-03
8.918482523427046544e+03,4.858963091165957593e-03
