# Period,SDE
8.905855995486042957e+03,5.000725074693036509e-01,3.876605357082607561e-01
8.905803912152703560e+03,5.004891741360188995e-01,3.215217541750279850e-01
8.905803912152703560e+03,5.012528802288119811e-01,7.344389810506847249e-01
8.905803912152703560e+03,5.014356287668449985e-01,7.698513891708496093e-01
8.905751828819364164e+03,5.018011258429109223e-01,1.648287260392393483e+00
8.905803912152703560e+03,5.021558408028795606e-01,2.062309721359289194e-01
8.905751828819364164e+03,5.025725074695946981e-01,1.565270034731116588e+00
8.905855995486042957e+03,5.032669519141199643e-01,1.231858704789920544e+00
8.905713634374915273e+03,5.038113597612735584e-01,1.467475214889217616e+00
8.905710162152692646e+03,5.039941082993065757e-01,1.466957566611957864e+00
8.905751828819364164e+03,5.039941082993065757e-01,8.530481291971140356e-01
8.905713634374915273e+03,5.041002852475503504e-01,1.542867403145850025e+00
8.905751828819364164e+03,5.041768568373395931e-01,1.045577113343540088e+00
8.905710162152692646e+03,5.042391741364553592e-01,1.671873566799946920e+00
8.905751828819364164e+03,5.042391741364553592e-01,1.045577113343540088e+00
8.915331189099273615e+03,5.044365122503222665e-01,1.026979161624221870e+00
8.915327716877050989e+03,5.050152159540933772e-01,7.128575149256689558e-01
8.915286050210379472e+03,5.050152159540933772e-01,7.304945222718494113e-01
8.905803912152703560e+03,5.053502852476958740e-01,3.501309813864141307e-01
8.905713634374915273e+03,5.057669519144110115e-01,5.217724938508696564e-01
8.905710162152692646e+03,5.059058408033161314e-01,5.153356351430645743e-01
8.905713634374915273e+03,5.060043422176692118e-01,7.351179171949522306e-01
8.905710162152692646e+03,5.061870907557022292e-01,7.150902928145189685e-01
8.905713634374915273e+03,5.061870907557022292e-01,7.715522825640418469e-01
8.905710162152692646e+03,5.063698392937352466e-01,7.723937106538308894e-01
8.905751828819364164e+03,5.074336185812717837e-01,1.261248903972672419e+00
8.905713634374915273e+03,5.089613963592273249e-01,1.355213062282226488e+00
8.905710162152692646e+03,5.091002852481324448e-01,1.053984037914240668e+00
8.915286050210379472e+03,5.119596603993462614e-01,8.448498783937604673e-01
8.915209661321481690e+03,5.177466974370569242e-01,9.278441496331795157e-01
8.915331189099273615e+03,5.177466974370569242e-01,9.412803298212659708e-01
8.915206189099259063e+03,5.183254011408280348e-01,9.135112364093865844e-01
8.915327716877050989e+03,5.183254011408280348e-01,8.462618856980547166e-01
8.905855995486042957e+03,5.191727508358781051e-01,3.484307598285237284e-01
8.905855995486042957e+03,5.194552007342281286e-01,1.343601337634797721e+00
8.905855995486042957e+03,5.196481019688184988e-01,1.462477010207924311e+00
8.905855995486042957e+03,5.209088619471913262e-01,7.281069982260151008e-01
8.905803912152703560e+03,5.213428897250196314e-01,4.232314307576031664e-01
8.905803912152703560e+03,5.223487192530834600e-01,1.201288747205996765e+00
8.905803912152703560e+03,5.225416204876738302e-01,1.124263886640309629e+00
8.905803912152703560e+03,5.230790008363328525e-01,1.064392419134417400e+00
8.905751828819364164e+03,5.235130286141611577e-01,4.044051699829939728e-01
8.905855995486042957e+03,5.238919291298063108e-01,2.842143727447438817e+00
8.905855995486042957e+03,5.242364082438749628e-01,3.269386663273950777e+00
8.915209661321481690e+03,5.246911418823098083e-01,1.458727254507475202e+00
8.905713634374915273e+03,5.251044637995315734e-01,2.472956584305650296e-01
8.905751828819364164e+03,5.252422377719389024e-01,1.994938873088427655e+00
8.905751828819364164e+03,5.252491397254743788e-01,1.994938873088427655e+00
8.905710162152692646e+03,5.252491397254743788e-01,2.404105882830735452e-01
8.915286050210379472e+03,5.252698455860809190e-01,1.463875917099020763e+00
8.915206189099259063e+03,5.252698455860809190e-01,1.994938873088427655e+00
8.905751828819364164e+03,5.254351390065292726e-01,1.833538441962214049e+00
8.905855995486042957e+03,5.262067439448906425e-01,1.079613910452617453e+00
8.905855995486042957e+03,5.263996451794810127e-01,1.047732426178869414e+00
8.905803912152703560e+03,5.264065471330164891e-01,1.282720621511446168e+00
8.905803912152703560e+03,5.267854476486617532e-01,1.773905887010595039e+00
8.905713634374915273e+03,5.268405749108447944e-01,3.227701922915475197e-01
8.905710162152692646e+03,5.269852508367875998e-01,3.113801278070462697e-01
8.905713634374915273e+03,5.273641513524327529e-01,1.621259359443632198e+00
8.905713634374915273e+03,5.275570525870231231e-01,1.686819125689307031e+00
8.905710162152692646e+03,5.275570525870231231e-01,1.526287305272044481e+00
8.905710162152692646e+03,5.277499538216134933e-01,1.541901942716992879e+00
8.905751828819364164e+03,5.285766860221580155e-01,1.966587211230448551e+00
8.905803912152703560e+03,5.291002624637459739e-01,5.103940966331389495e-01
8.905803912152703560e+03,5.292931636983363441e-01,4.384723047575956323e-01
8.905751828819364164e+03,5.296789661675170846e-01,3.103371704183062185e+00
8.905713634374915273e+03,5.301681212075285421e-01,1.431512102466566461e+00
8.905710162152692646e+03,5.303127971334712365e-01,1.489787851377120997e+00
8.905713634374915273e+03,5.318008797480110461e-01,3.148602648615769439e+00
8.905710162152692646e+03,5.319937809826014163e-01,1.750859679188580431e+00
8.905751828819364164e+03,5.319937809826014163e-01,5.966815099339735085e-01
8.905751828819364164e+03,5.321866822171917866e-01,7.390388209519754836e-01
8.905713634374915273e+03,5.341156945630953778e-01,5.847517144400472544e-01
8.905713634374915273e+03,5.343085957976856371e-01,6.573819841736320280e-01
8.905710162152692646e+03,5.343085957976856371e-01,7.025740654989781619e-01
8.905710162152692646e+03,5.345014970322760073e-01,6.152201335809911464e-01
8.915209661321481690e+03,5.380013270690445770e-01,1.553996641146691227e+00
8.915206189099259063e+03,5.385800307728155767e-01,2.195222412610155160e+00
8.905855995486042957e+03,5.417454791330902353e-01,3.484307598285237284e-01
8.905855995486042957e+03,5.435570733361996254e-01,3.876605357082607561e-01
8.905803912152703560e+03,5.440099718869769729e-01,4.232314307576031664e-01
8.905803912152703560e+03,5.458215660900864741e-01,2.062309721359289194e-01
8.905751828819364164e+03,5.462744646408638216e-01,4.044051699829939728e-01
8.905855995486042957e+03,5.470292955588260675e-01,1.231858704789920544e+00
8.905713634374915273e+03,5.479350926603807626e-01,2.472956584305650296e-01
8.905751828819364164e+03,5.480860588439732117e-01,4.810883072945678074e-01
8.905710162152692646e+03,5.480860588439732117e-01,2.404105882830735452e-01
8.905803912152703560e+03,5.492937883127129162e-01,3.501309813864141307e-01
8.905713634374915273e+03,5.497466868634902637e-01,3.227701922915475197e-01
8.905710162152692646e+03,5.498976530470827129e-01,3.113801278070462697e-01
8.905855995486042957e+03,5.500113890127121818e-01,3.178919708580008496e+00
8.905855995486042957e+03,5.502156373787490118e-01,1.470906591284782294e+00
8.905751828819364164e+03,5.515582810665996538e-01,1.261248903972672419e+00
8.905803912152703560e+03,5.530751145032648530e-01,6.159171894077486442e-01
8.905713634374915273e+03,5.532189090861167058e-01,1.355213062282226488e+00
8.905803912152703560e+03,5.532793628693016830e-01,6.646913860626960657e-01
8.905710162152692646e+03,5.533698752697091550e-01,1.053984037914240668e+00
8.905855995486042957e+03,5.547091014315597146e-01,2.358924925482548396e+00
8.905751828819364164e+03,5.561388399938176352e-01,1.468311642474608991e+00
8.905751828819364164e+03,5.563430883598544652e-01,1.466566034576954003e+00
8.905855995486042957e+03,5.571600818240018960e-01,1.079613910452617453e+00
8.905855995486042957e+03,5.573643301900387259e-01,1.047732426178869414e+00
8.905803912152703560e+03,5.577728269221123858e-01,7.937476461801171723e-01
8.905713634374915273e+03,5.583855720202229866e-01,1.120675185853902134e+00
8.905710162152692646e+03,5.585898203862598166e-01,9.121914134830644283e-01
8.905713634374915273e+03,5.585898203862598166e-01,9.678390954763935738e-01
8.905710162152692646e+03,5.587940687522966465e-01,1.381359399199820537e+00
8.905803912152703560e+03,5.602238073145545671e-01,5.103940966331389495e-01
8.905803912152703560e+03,5.604280556805915081e-01,4.384723047575956323e-01
8.905751828819364164e+03,5.608365524126651680e-01,1.939204489485294225e+00
8.905713634374915273e+03,5.630832844390705194e-01,1.752150978979876150e+00
8.905751828819364164e+03,5.632875328051073494e-01,5.966815099339735085e-01
8.905710162152692646e+03,5.632875328051073494e-01,1.750859679188580431e+00
8.905751828819364164e+03,5.634917811711441793e-01,7.390388209519754836e-01
8.905713634374915273e+03,5.655342648315127008e-01,5.847517144400472544e-01
8.905713634374915273e+03,5.657385131975495307e-01,6.573819841736320280e-01
8.905710162152692646e+03,5.657385131975495307e-01,7.025740654989781619e-01
8.905710162152692646e+03,5.659427615635863607e-01,6.152201335809911464e-01
8.905855995486042957e+03,5.663702736391397208e-01,3.484307598285237284e-01
8.905855995486042957e+03,5.682642130332996588e-01,3.876605357082607561e-01
8.905803912152703560e+03,5.687376978818395878e-01,4.232314307576031664e-01
8.905803912152703560e+03,5.706316372759995259e-01,2.062309721359289194e-01
8.905751828819364164e+03,5.711051221245394549e-01,4.044051699829939728e-01
8.905855995486042957e+03,5.718942635387727069e-01,1.231858704789920544e+00
8.905713634374915273e+03,5.728412332358526760e-01,2.472956584305650296e-01
8.905710162152692646e+03,5.729990615186992819e-01,2.404105882830735452e-01
8.905751828819364164e+03,5.729990615186992819e-01,4.810883072945678074e-01
8.905803912152703560e+03,5.742616877814725740e-01,3.501309813864141307e-01
8.905713634374915273e+03,5.747351726300125030e-01,3.227701922915475197e-01
8.905710162152692646e+03,5.748930009128592200e-01,3.113801278070462697e-01
8.905751828819364164e+03,5.766291120241724411e-01,1.261248903972672419e+00
8.905713634374915273e+03,5.783652231354856621e-01,1.355213062282226488e+00
8.905710162152692646e+03,5.785230514183322681e-01,1.053984037914240668e+00
8.905855995486042957e+03,5.843871008260066446e-01,3.178919708580008496e+00
8.905855995486042957e+03,5.846041147149207973e-01,1.470906591284782294e+00
8.905803912152703560e+03,5.876423091597189341e-01,6.159171894077486442e-01
8.905803912152703560e+03,5.878593230486330867e-01,6.646913860626960657e-01
8.905855995486042957e+03,5.893784202710321551e-01,2.358924925482548396e+00
8.905751828819364164e+03,5.908975174934312236e-01,1.468311642474608991e+00
8.905751828819364164e+03,5.911145313823453762e-01,1.466566034576954003e+00
8.905855995486042957e+03,5.919825869380019867e-01,7.630039663524794680e-01
8.905855995486042957e+03,5.921996008269161393e-01,8.473109847359199254e-01
8.905803912152703560e+03,5.926336286047444446e-01,7.937476461801171723e-01
8.905713634374915273e+03,5.932846702714869025e-01,1.120675185853902134e+00
8.905855995486042957e+03,5.933402866695749456e-01,3.484307598285237284e-01
8.905710162152692646e+03,5.935016841604010551e-01,9.121914134830644283e-01
8.905713634374915273e+03,5.935016841604010551e-01,9.678390954763935738e-01
8.905710162152692646e+03,5.937186980493152078e-01,1.381359399199820537e+00
8.905803912152703560e+03,5.952377952717142762e-01,7.860138689068780771e-01
8.905855995486042957e+03,5.953244136539329601e-01,3.876605357082607561e-01
8.905803912152703560e+03,5.954548091606284288e-01,9.808155559698330528e-01
8.905803912152703560e+03,5.958204454000224359e-01,4.232314307576031664e-01
8.905751828819364164e+03,5.958888369384567341e-01,1.939204489485294225e+00
8.915331189099273615e+03,5.969904813660832366e-01,4.494624941376976213e-01
8.915327716877050989e+03,5.976849258106085028e-01,7.972371075433989374e-01
8.905803912152703560e+03,5.978045723843804504e-01,2.062309721359289194e-01
8.905713634374915273e+03,5.982759897165124130e-01,1.752150978979876150e+00
8.905751828819364164e+03,5.983006041304699263e-01,5.403967782065430825e-01
8.905710162152692646e+03,5.984930036054265656e-01,1.750859679188580431e+00
8.905751828819364164e+03,5.984930036054265656e-01,8.955518097012316048e-01
8.905751828819364164e+03,5.987100174943407183e-01,9.249198702869360078e-01
8.905855995486042957e+03,5.991273237072857194e-01,1.231858704789920544e+00
8.905713634374915273e+03,6.001193871994646711e-01,4.557967050522143682e-01
8.905710162152692646e+03,6.002847311148278298e-01,4.649484366708724892e-01
8.905751828819364164e+03,6.002847311148278298e-01,4.810883072945678074e-01
8.905713634374915273e+03,6.008801563834822446e-01,6.790279237581192673e-01
8.905713634374915273e+03,6.010971702723963972e-01,8.436487687926026435e-01
8.905710162152692646e+03,6.010971702723963972e-01,6.608342564003798492e-01
8.905710162152692646e+03,6.013141841613105498e-01,8.292719638235058754e-01
8.905803912152703560e+03,6.016074824377332098e-01,3.501309813864141307e-01
8.905713634374915273e+03,6.021035141838226856e-01,3.227701922915475197e-01
8.905710162152692646e+03,6.022688580991858442e-01,3.113801278070462697e-01
8.905751828819364164e+03,6.040876411681805891e-01,1.261248903972672419e+00
8.915331189099273615e+03,6.053238147003867642e-01,3.920670418187826578e-01
8.905713634374915273e+03,6.059064242371754450e-01,1.355213062282226488e+00
8.915327716877050989e+03,6.060182591449120304e-01,3.166473183069537511e-01
8.915286050210379472e+03,6.060182591449120304e-01,7.304945222718494113e-01
8.905710162152692646e+03,6.060717681525386036e-01,1.053984037914240668e+00
8.915286050210379472e+03,6.143515924792154470e-01,8.448498783937604673e-01
8.915209661321481690e+03,6.212960369244683312e-01,9.278441496331795157e-01
8.915331189099273615e+03,6.212960369244683312e-01,9.412803298212659708e-01
8.915327716877050989e+03,6.219904813689935974e-01,8.462618856980547166e-01
8.915206189099259063e+03,6.219904813689935974e-01,9.135112364093865844e-01
8.905855995486042957e+03,6.230073010030536818e-01,3.484307598285237284e-01
8.905855995486042957e+03,6.233462408810737099e-01,1.343601337634797721e+00
8.905855995486042957e+03,6.235777223625821319e-01,1.462477010207924311e+00
8.905855995486042957e+03,6.250906343366295914e-01,7.281069982260151008e-01
8.905803912152703560e+03,6.256114676700235133e-01,4.232314307576031664e-01
8.905803912152703560e+03,6.268184631037001520e-01,1.201288747205996765e+00
8.905803912152703560e+03,6.270499445852085740e-01,1.124263886640309629e+00
8.905803912152703560e+03,6.276948010035994230e-01,1.064392419134417400e+00
8.905751828819364164e+03,6.282156343369933449e-01,4.044051699829939728e-01
8.905855995486042957e+03,6.286703149557676396e-01,2.842143727447438817e+00
8.905855995486042957e+03,6.290836898926499554e-01,3.269386663273950777e+00
8.915209661321481690e+03,6.296293702587718588e-01,1.458727254507475202e+00
8.905713634374915273e+03,6.301253565594379102e-01,2.472956584305650296e-01
8.905751828819364164e+03,6.302906853263265941e-01,1.994938873088427655e+00
8.905751828819364164e+03,6.302989676705692546e-01,1.994938873088427655e+00
8.905710162152692646e+03,6.302989676705692546e-01,2.404105882830735452e-01
8.915286050210379472e+03,6.303238147032971250e-01,1.463875917099020763e+00
8.915206189099259063e+03,6.303238147032971250e-01,1.994938873088427655e+00
8.905751828819364164e+03,6.305221668078350161e-01,1.833538441962214049e+00
8.905855995486042957e+03,6.314480927338688154e-01,1.079613910452617453e+00
8.905855995486042957e+03,6.316795742153772375e-01,1.047732426178869414e+00
8.905803912152703560e+03,6.316878565596197870e-01,1.282720621511446168e+00
8.905803912152703560e+03,6.321425371783940816e-01,1.773905887010595039e+00
8.905713634374915273e+03,6.322086898930138199e-01,3.227701922915475197e-01
8.905710162152692646e+03,6.323823010041451642e-01,3.113801278070462697e-01
8.905713634374915273e+03,6.328369816229193479e-01,1.621259359443632198e+00
8.905710162152692646e+03,6.330684631044277699e-01,1.526287305272044481e+00
8.905713634374915273e+03,6.330684631044277699e-01,1.686819125689307031e+00
8.905710162152692646e+03,6.332999445859361920e-01,1.541901942716992879e+00
8.905751828819364164e+03,6.342920232265896185e-01,1.966587211230448551e+00
8.905803912152703560e+03,6.349203149564952575e-01,5.103940966331389495e-01
8.905803912152703560e+03,6.351517964380036796e-01,4.384723047575956323e-01
8.905751828819364164e+03,6.356147594010205237e-01,3.103371704183062185e+00
8.905713634374915273e+03,6.362017454490341839e-01,1.431512102466566461e+00
8.905710162152692646e+03,6.363753565601655282e-01,1.489787851377120997e+00
8.905713634374915273e+03,6.381610556976132775e-01,3.148602648615769439e+00
8.905751828819364164e+03,6.383925371791216996e-01,5.966815099339735085e-01
8.905710162152692646e+03,6.383925371791216996e-01,1.750859679188580431e+00
8.905751828819364164e+03,6.386240186606301217e-01,7.390388209519754836e-01
8.905713634374915273e+03,6.409388334757143424e-01,5.847517144400472544e-01
8.905713634374915273e+03,6.411703149572228755e-01,6.573819841736320280e-01
8.905710162152692646e+03,6.411703149572228755e-01,7.025740654989781619e-01
8.905710162152692646e+03,6.414017964387312976e-01,6.152201335809911464e-01
8.915209661321481690e+03,6.456015924828534258e-01,1.553996641146691227e+00
8.915206189099259063e+03,6.462960369273786920e-01,2.195222412610155160e+00
8.905855995486042957e+03,6.557971589505828813e-01,3.484307598285237284e-01
8.905855995486042957e+03,6.579901414069785348e-01,3.876605357082607561e-01
8.905803912152703560e+03,6.585383870210774759e-01,4.232314307576031664e-01
8.905803912152703560e+03,6.607313694774731294e-01,2.062309721359289194e-01
8.905751828819364164e+03,6.612796150915719595e-01,4.044051699829939728e-01
8.905855995486042957e+03,6.621933577817368244e-01,1.231858704789920544e+00
8.905713634374915273e+03,6.632898490099347066e-01,2.472956584305650296e-01
8.905751828819364164e+03,6.634725975479676130e-01,4.810883072945678074e-01
8.905710162152692646e+03,6.634725975479676130e-01,2.404105882830735452e-01
8.905803912152703560e+03,6.649345858522314190e-01,3.501309813864141307e-01
8.905713634374915273e+03,6.654828314663303601e-01,3.227701922915475197e-01
8.905710162152692646e+03,6.656655800043632665e-01,3.113801278070462697e-01
8.905751828819364164e+03,6.676758139227260136e-01,1.261248903972672419e+00
8.905855995486042957e+03,6.678709723725789749e-01,3.178919708580008496e+00
8.905855995486042957e+03,6.681189882456237683e-01,1.470906591284782294e+00
8.905713634374915273e+03,6.696860478410886497e-01,1.355213062282226488e+00
8.905710162152692646e+03,6.698687963791215561e-01,1.053984037914240668e+00
8.905803912152703560e+03,6.715912104682502104e-01,6.159171894077486442e-01
8.905803912152703560e+03,6.718392263412950038e-01,6.646913860626960657e-01
8.905855995486042957e+03,6.735753374526082249e-01,2.358924925482548396e+00
8.905751828819364164e+03,6.753114485639214459e-01,1.468311642474608991e+00
8.905751828819364164e+03,6.755594644369661284e-01,1.466566034576954003e+00
8.905855995486042957e+03,6.765515279291450801e-01,1.079613910452617453e+00
8.905855995486042957e+03,6.767995438021898735e-01,1.047732426178869414e+00
8.905803912152703560e+03,6.772955755482793494e-01,7.937476461801171723e-01
8.905713634374915273e+03,6.780396231674136187e-01,1.120675185853902134e+00
8.905710162152692646e+03,6.782876390404583011e-01,9.121914134830644283e-01
8.905713634374915273e+03,6.782876390404583011e-01,9.678390954763935738e-01
8.905710162152692646e+03,6.785356549135030946e-01,1.381359399199820537e+00
8.905803912152703560e+03,6.802717660248163156e-01,5.103940966331389495e-01
8.905803912152703560e+03,6.805197818978611091e-01,4.384723047575956323e-01
8.905751828819364164e+03,6.810158136439505849e-01,1.939204489485294225e+00
8.905713634374915273e+03,6.837439882474427577e-01,1.752150978979876150e+00
8.905710162152692646e+03,6.839920041204875512e-01,1.750859679188580431e+00
8.905751828819364164e+03,6.839920041204875512e-01,5.966815099339735085e-01
8.905751828819364164e+03,6.842400199935322336e-01,7.390388209519754836e-01
8.905713634374915273e+03,6.867201787239797239e-01,5.847517144400472544e-01
8.905713634374915273e+03,6.869681945970244064e-01,6.573819841736320280e-01
8.905710162152692646e+03,6.869681945970244064e-01,7.025740654989781619e-01
8.905710162152692646e+03,6.872162104700691998e-01,6.152201335809911464e-01
8.905855995486042957e+03,6.922303344478374365e-01,3.484307598285237284e-01
8.905855995486042957e+03,6.945451492629217682e-01,3.876605357082607561e-01
8.905803912152703560e+03,6.951238529666928789e-01,4.232314307576031664e-01
8.905803912152703560e+03,6.974386677817770996e-01,2.062309721359289194e-01
8.905751828819364164e+03,6.980173714855482103e-01,4.044051699829939728e-01
8.905855995486042957e+03,6.989818776584999505e-01,1.231858704789920544e+00
8.905713634374915273e+03,7.001392850660421718e-01,2.472956584305650296e-01
8.905710162152692646e+03,7.003321863006325421e-01,2.404105882830735452e-01
8.905751828819364164e+03,7.003321863006325421e-01,4.810883072945678074e-01
8.905803912152703560e+03,7.018753961773553929e-01,3.501309813864141307e-01
8.905713634374915273e+03,7.024540998811263925e-01,3.227701922915475197e-01
8.905710162152692646e+03,7.026470011157167628e-01,3.113801278070462697e-01
8.905751828819364164e+03,7.047689146962107243e-01,1.261248903972672419e+00
8.905713634374915273e+03,7.068908282767046858e-01,1.355213062282226488e+00
8.905710162152692646e+03,7.070837295112950560e-01,1.053984037914240668e+00
8.905855995486042957e+03,7.192456625550851523e-01,3.178919708580008496e+00
8.905855995486042957e+03,7.195127565722102547e-01,1.470906591284782294e+00
8.905803912152703560e+03,7.232520728119617992e-01,6.159171894077486442e-01
8.905803912152703560e+03,7.235191668290869016e-01,6.646913860626960657e-01
8.905855995486042957e+03,7.253888249489626183e-01,2.358924925482548396e+00
8.905751828819364164e+03,7.272584830688384461e-01,1.468311642474608991e+00
8.905751828819364164e+03,7.275255770859635485e-01,1.466566034576954003e+00
8.905855995486042957e+03,7.285939531544639580e-01,1.079613910452617453e+00
8.905855995486042957e+03,7.288610471715890604e-01,1.047732426178869414e+00
8.905803912152703560e+03,7.293952352058392652e-01,7.937476461801171723e-01
8.905713634374915273e+03,7.301965172572146834e-01,1.120675185853902134e+00
8.905710162152692646e+03,7.304636112743397858e-01,9.121914134830644283e-01
8.905713634374915273e+03,7.304636112743397858e-01,9.678390954763935738e-01
8.905710162152692646e+03,7.307307052914648882e-01,1.381359399199820537e+00
8.905803912152703560e+03,7.326003634113406049e-01,5.103940966331389495e-01
8.905803912152703560e+03,7.328674574284657073e-01,4.384723047575956323e-01
8.905855995486042957e+03,7.329497658859455145e-01,3.484307598285237284e-01
8.905751828819364164e+03,7.334016454627160231e-01,1.939204489485294225e+00
8.905855995486042957e+03,7.354007462783878069e-01,3.876605357082607561e-01
8.905803912152703560e+03,7.360134913764982967e-01,4.232314307576031664e-01
8.905713634374915273e+03,7.363396796510921494e-01,1.752150978979876150e+00
8.905751828819364164e+03,7.366067736682173628e-01,5.966815099339735085e-01
8.905710162152692646e+03,7.366067736682173628e-01,1.750859679188580431e+00
8.905751828819364164e+03,7.368738676853424652e-01,7.390388209519754836e-01
8.905803912152703560e+03,7.384644717689404780e-01,2.062309721359289194e-01
8.905751828819364164e+03,7.390772168670510789e-01,4.044051699829939728e-01
8.905713634374915273e+03,7.395448078565934891e-01,7.546405701680594102e-01
8.905713634374915273e+03,7.398119018737185915e-01,7.027098128291314749e-01
8.905710162152692646e+03,7.398119018737185915e-01,6.463478819612432646e-01
8.905710162152692646e+03,7.400789958908438049e-01,7.048023670901026883e-01
8.905855995486042957e+03,7.400984586972353396e-01,1.231858704789920544e+00
8.905713634374915273e+03,7.413239488934564303e-01,2.472956584305650296e-01
8.905710162152692646e+03,7.415281972594932602e-01,2.404105882830735452e-01
8.905751828819364164e+03,7.415281972594932602e-01,4.810883072945678074e-01
8.905803912152703560e+03,7.431621841877880108e-01,3.501309813864141307e-01
8.905713634374915273e+03,7.437749292858986117e-01,3.227701922915475197e-01
8.905710162152692646e+03,7.439791776519354416e-01,3.113801278070462697e-01
8.905751828819364164e+03,7.462259096783407930e-01,1.261248903972672419e+00
8.915331189099273615e+03,7.462381017076040735e-01,4.477858281144083130e-01
8.915327716877050989e+03,7.471061572632606840e-01,4.114410161599477145e-01
8.905713634374915273e+03,7.484726417047461444e-01,1.355213062282226488e+00
8.905710162152692646e+03,7.486768900707829744e-01,1.053984037914240668e+00
8.915331189099273615e+03,7.566547683754833997e-01,3.920670418187826578e-01
8.915327716877050989e+03,7.575228239311400102e-01,3.166473183069537511e-01
8.915286050210379472e+03,7.575228239311400102e-01,7.304945222718494113e-01
8.915286050210379472e+03,7.679394905990193365e-01,8.448498783937604673e-01
8.915331189099273615e+03,7.766200461555854417e-01,9.412803298212659708e-01
8.915209661321481690e+03,7.766200461555854417e-01,9.278441496331795157e-01
8.915206189099259063e+03,7.774881017112420523e-01,9.135112364093865844e-01
8.915327716877050989e+03,7.774881017112420523e-01,8.462618856980547166e-01
8.905855995486042957e+03,7.787591262538171577e-01,3.484307598285237284e-01
8.905855995486042957e+03,7.791828011013421929e-01,1.343601337634797721e+00
8.905855995486042957e+03,7.794721529532276927e-01,1.462477010207924311e+00
8.905855995486042957e+03,7.813632929207869893e-01,7.281069982260151008e-01
8.905803912152703560e+03,7.820143345875294472e-01,4.232314307576031664e-01
8.905803912152703560e+03,7.835230788796252455e-01,1.201288747205996765e+00
8.905803912152703560e+03,7.838124307315107453e-01,1.124263886640309629e+00
8.905803912152703560e+03,7.846185012544992787e-01,1.064392419134417400e+00
8.905751828819364164e+03,7.852695429212417366e-01,4.044051699829939728e-01
8.905855995486042957e+03,7.858378936947095772e-01,2.842143727447438817e+00
8.905855995486042957e+03,7.863546123658124998e-01,3.269386663273950777e+00
8.915209661321481690e+03,7.870367128234647680e-01,1.458727254507475202e+00
8.905713634374915273e+03,7.876566956992974156e-01,2.472956584305650296e-01
8.905751828819364164e+03,7.878633566579082981e-01,1.994938873088427655e+00
8.905710162152692646e+03,7.878737095882115682e-01,2.404105882830735452e-01
8.905751828819364164e+03,7.878737095882115682e-01,1.994938873088427655e+00
8.915286050210379472e+03,7.879047683791213785e-01,1.463875917099020763e+00
8.915206189099259063e+03,7.879047683791213785e-01,1.994938873088427655e+00
8.905751828819364164e+03,7.881527085097937979e-01,1.833538441962214049e+00
8.905855995486042957e+03,7.893101159173360193e-01,1.079613910452617453e+00
8.905855995486042957e+03,7.895994677692215191e-01,1.047732426178869414e+00
8.905803912152703560e+03,7.896098206995247892e-01,1.282720621511446168e+00
8.905803912152703560e+03,7.901781714729926298e-01,1.773905887010595039e+00
8.905713634374915273e+03,7.902608623662672471e-01,3.227701922915475197e-01
8.905710162152692646e+03,7.904778762551813998e-01,3.113801278070462697e-01
8.905713634374915273e+03,7.910462270286492403e-01,1.621259359443632198e+00
8.905713634374915273e+03,7.913355788805347402e-01,1.686819125689307031e+00
8.905710162152692646e+03,7.913355788805347402e-01,1.526287305272044481e+00
8.905710162152692646e+03,7.916249307324202400e-01,1.541901942716992879e+00
8.905751828819364164e+03,7.928650290332370787e-01,1.966587211230448551e+00
8.905803912152703560e+03,7.936503936956190719e-01,5.103940966331389495e-01
8.905803912152703560e+03,7.939397455475045717e-01,4.384723047575956323e-01
8.905751828819364164e+03,7.945184492512756824e-01,3.103371704183062185e+00
8.905713634374915273e+03,7.952521818112927576e-01,1.431512102466566461e+00
8.905710162152692646e+03,7.954691957002069103e-01,1.489787851377120997e+00
8.905713634374915273e+03,7.977013196220165137e-01,3.148602648615769439e+00
8.905751828819364164e+03,7.979906714739021245e-01,5.966815099339735085e-01
8.905710162152692646e+03,7.979906714739021245e-01,1.750859679188580431e+00
8.905751828819364164e+03,7.982800233257876243e-01,7.390388209519754836e-01
8.905713634374915273e+03,8.011735418446429557e-01,5.847517144400472544e-01
8.905710162152692646e+03,8.014628936965285666e-01,7.025740654989781619e-01
8.905713634374915273e+03,8.014628936965285666e-01,6.573819841736320280e-01
8.905710162152692646e+03,8.017522455484140664e-01,6.152201335809911464e-01
8.915209661321481690e+03,8.070019906035668100e-01,1.553996641146691227e+00
8.915206189099259063e+03,8.078700461592234205e-01,2.195222412610155160e+00
8.905855995486042957e+03,8.306764013374049460e-01,3.484307598285237284e-01
8.905855995486042957e+03,8.334541791155061219e-01,3.876605357082607561e-01
8.905803912152703560e+03,8.341486235600313881e-01,4.232314307576031664e-01
8.905803912152703560e+03,8.369264013381325640e-01,2.062309721359289194e-01
8.905751828819364164e+03,8.376208457826578302e-01,4.044051699829939728e-01
8.905855995486042957e+03,8.387782531902000516e-01,1.231858704789920544e+00
8.905713634374915273e+03,8.401671420792505840e-01,2.472956584305650296e-01
8.905751828819364164e+03,8.403986235607590061e-01,4.810883072945678074e-01
8.905710162152692646e+03,8.403986235607590061e-01,2.404105882830735452e-01
8.905803912152703560e+03,8.422504754128264937e-01,3.501309813864141307e-01
8.905713634374915273e+03,8.429449198573517599e-01,3.227701922915475197e-01
8.905710162152692646e+03,8.431764013388601819e-01,3.113801278070462697e-01
8.905751828819364164e+03,8.457226976354529357e-01,1.261248903972672419e+00
8.905713634374915273e+03,8.482689939320455785e-01,1.355213062282226488e+00
8.905710162152692646e+03,8.485004754135540006e-01,1.053984037914240668e+00
8.905855995486042957e+03,8.500176012014641902e-01,3.178919708580008496e+00
8.905855995486042957e+03,8.503332577671575132e-01,1.470906591284782294e+00
8.905803912152703560e+03,8.547524496868639243e-01,6.159171894077486442e-01
8.905803912152703560e+03,8.550681062525572473e-01,6.646913860626960657e-01
8.905855995486042957e+03,8.572777022124103974e-01,2.358924925482548396e+00
8.905751828819364164e+03,8.594872981722635474e-01,1.468311642474608991e+00
8.905751828819364164e+03,8.598029547379568704e-01,1.466566034576954003e+00
8.905855995486042957e+03,8.610655810007301625e-01,1.079613910452617453e+00
8.905855995486042957e+03,8.613812375664234855e-01,1.047732426178869414e+00
8.905803912152703560e+03,8.620125506978101315e-01,7.937476461801171723e-01
8.905713634374915273e+03,8.629595203948899895e-01,1.120675185853902134e+00
8.905710162152692646e+03,8.632751769605833125e-01,9.121914134830644283e-01
8.905713634374915273e+03,8.632751769605833125e-01,9.678390954763935738e-01
8.905710162152692646e+03,8.635908335262766355e-01,1.381359399199820537e+00
8.905803912152703560e+03,8.658004294861298966e-01,5.103940966331389495e-01
8.905803912152703560e+03,8.661160860518232196e-01,4.384723047575956323e-01
8.905751828819364164e+03,8.667473991832097546e-01,1.939204489485294225e+00
8.905713634374915273e+03,8.702196214058361967e-01,1.752150978979876150e+00
8.905751828819364164e+03,8.705352779715295197e-01,5.966815099339735085e-01
8.905710162152692646e+03,8.705352779715295197e-01,1.750859679188580431e+00
8.905751828819364164e+03,8.708509345372228427e-01,7.390388209519754836e-01
8.905713634374915273e+03,8.740075001941559618e-01,5.847517144400472544e-01
8.905713634374915273e+03,8.743231567598492848e-01,6.573819841736320280e-01
8.905710162152692646e+03,8.743231567598492848e-01,7.025740654989781619e-01
8.905710162152692646e+03,8.746388133255426078e-01,6.152201335809911464e-01
8.905855995486042957e+03,8.900104300043624184e-01,3.484307598285237284e-01
8.905855995486042957e+03,8.929866204808993846e-01,3.876605357082607561e-01
8.905803912152703560e+03,8.937306681000336539e-01,4.232314307576031664e-01
8.905803912152703560e+03,8.967068585765706201e-01,2.062309721359289194e-01
8.905751828819364164e+03,8.974509061957048894e-01,4.044051699829939728e-01
8.905855995486042957e+03,8.986909855609285236e-01,1.231858704789920544e+00
8.905713634374915273e+03,9.001790807991970622e-01,2.472956584305650296e-01
8.905751828819364164e+03,9.004270966722417446e-01,4.810883072945678074e-01
8.905710162152692646e+03,9.004270966722417446e-01,2.404105882830735452e-01
8.905803912152703560e+03,9.024112236565997591e-01,3.501309813864141307e-01
8.905713634374915273e+03,9.031552712757340284e-01,3.227701922915475197e-01
8.905710162152692646e+03,9.034032871487787109e-01,3.113801278070462697e-01
8.905751828819364164e+03,9.061314617522709947e-01,1.261248903972672419e+00
8.905713634374915273e+03,9.088596363557631674e-01,1.355213062282226488e+00
8.905710162152692646e+03,9.091076522288078499e-01,1.053984037914240668e+00
8.905855995486042957e+03,9.350193613216106758e-01,3.178919708580008496e+00
8.905855995486042957e+03,9.353665835438732534e-01,1.470906591284782294e+00
8.905803912152703560e+03,9.402276946555503390e-01,6.159171894077486442e-01
8.905803912152703560e+03,9.405749168778129166e-01,6.646913860626960657e-01
8.905855995486042957e+03,9.430054724336514038e-01,2.358924925482548396e+00
8.905751828819364164e+03,9.454360279894900021e-01,1.468311642474608991e+00
8.905751828819364164e+03,9.457832502117525797e-01,1.466566034576954003e+00
8.905855995486042957e+03,9.471721391008032231e-01,1.079613910452617453e+00
8.905855995486042957e+03,9.475193613230658007e-01,1.047732426178869414e+00
8.905803912152703560e+03,9.482138057675910670e-01,7.937476461801171723e-01
8.905713634374915273e+03,9.492554724343790218e-01,1.120675185853902134e+00
8.905710162152692646e+03,9.496026946566417104e-01,9.121914134830644283e-01
8.905713634374915273e+03,9.496026946566417104e-01,9.678390954763935738e-01
8.905710162152692646e+03,9.499499168789042880e-01,1.381359399199820537e+00
8.905803912152703560e+03,9.523804724347428863e-01,5.103940966331389495e-01
8.905803912152703560e+03,9.527276946570054639e-01,4.384723047575956323e-01
8.905751828819364164e+03,9.534221391015307301e-01,1.939204489485294225e+00
8.905713634374915273e+03,9.572415835464198608e-01,1.752150978979876150e+00
8.905710162152692646e+03,9.575888057686825494e-01,1.750859679188580431e+00
8.905751828819364164e+03,9.575888057686825494e-01,5.966815099339735085e-01
8.905751828819364164e+03,9.579360279909451270e-01,7.390388209519754836e-01
8.905855995486042957e+03,9.584727707739287839e-01,3.484307598285237284e-01
8.905713634374915273e+03,9.614082502135715691e-01,5.847517144400472544e-01
8.905855995486042957e+03,9.616778989794301236e-01,3.876605357082607561e-01
8.905710162152692646e+03,9.617554724358342577e-01,7.025740654989781619e-01
8.905713634374915273e+03,9.617554724358342577e-01,6.573819841736320280e-01
8.905710162152692646e+03,9.621026946580968353e-01,6.152201335809911464e-01
8.905803912152703560e+03,9.624791810308054307e-01,4.232314307576031664e-01
8.905803912152703560e+03,9.656843092363067704e-01,2.062309721359289194e-01
8.905751828819364164e+03,9.664855912876821886e-01,4.044051699829939728e-01
8.905855995486042957e+03,9.678210613733077006e-01,1.231858704789920544e+00
8.905713634374915273e+03,9.694236254760583149e-01,2.472956584305650296e-01
8.905751828819364164e+03,9.696907194931834173e-01,4.810883072945678074e-01
8.905710162152692646e+03,9.696907194931834173e-01,2.404105882830735452e-01
8.905803912152703560e+03,9.718274716301843474e-01,3.501309813864141307e-01
8.905713634374915273e+03,9.726287536815596546e-01,3.227701922915475197e-01
8.905710162152692646e+03,9.728958476986847570e-01,3.113801278070462697e-01
8.905751828819364164e+03,9.758338818870609943e-01,1.261248903972672419e+00
8.905713634374915273e+03,9.787719160754372316e-01,1.355213062282226488e+00
8.905710162152692646e+03,9.790390100925623340e-01,1.053984037914240668e+00
8.915331189099273615e+03,9.949841356101387646e-01,4.477858281144083130e-01
8.915327716877050989e+03,9.961415430176808750e-01,4.114410161599477145e-01
8.915331189099273615e+03,1.008873024500644533e+00,3.920670418187826578e-01
8.915286050210379472e+03,1.010030431908186754e+00,7.304945222718494113e-01
8.915327716877050989e+03,1.010030431908186754e+00,3.166473183069537511e-01
8.915286050210379472e+03,1.023919320798692523e+00,8.448498783937604673e-01
8.915331189099273615e+03,1.035493394874113848e+00,9.412803298212659708e-01
8.915209661321481690e+03,1.035493394874113848e+00,9.278441496331795157e-01
8.915206189099259063e+03,1.036650802281656070e+00,9.135112364093865844e-01
8.915327716877050989e+03,1.036650802281656070e+00,8.462618856980547166e-01
8.905855995486042957e+03,1.038345501671756210e+00,3.484307598285237284e-01
8.905855995486042957e+03,1.038910401468456257e+00,1.343601337634797721e+00
8.905855995486042957e+03,1.039296203937636998e+00,1.462477010207924311e+00
8.905855995486042957e+03,1.041817723894382652e+00,7.281069982260151008e-01
8.905803912152703560e+03,1.042685779450039263e+00,4.232314307576031664e-01
8.905803912152703560e+03,1.044697438506166920e+00,1.201288747205996765e+00
8.905803912152703560e+03,1.045083240975347660e+00,1.124263886640309629e+00
8.905803912152703560e+03,1.046158001672665705e+00,1.064392419134417400e+00
8.905751828819364164e+03,1.047026057228322315e+00,4.044051699829939728e-01
8.905855995486042957e+03,1.047783858259612622e+00,2.842143727447438817e+00
8.905855995486042957e+03,1.048472816487749926e+00,3.269386663273950777e+00
8.915209661321481690e+03,1.049382283764619617e+00,1.458727254507475202e+00
8.905713634374915273e+03,1.050208927599063147e+00,2.472956584305650296e-01
8.905751828819364164e+03,1.050484475543877805e+00,1.994938873088427655e+00
8.905751828819364164e+03,1.050498279450948758e+00,1.994938873088427655e+00
8.905710162152692646e+03,1.050498279450948758e+00,2.404105882830735452e-01
8.915286050210379472e+03,1.050539691172161838e+00,1.463875917099020763e+00
8.915206189099259063e+03,1.050539691172161838e+00,1.994938873088427655e+00
8.905751828819364164e+03,1.050870278013058545e+00,1.833538441962214049e+00
8.905855995486042957e+03,1.052413487889781285e+00,1.079613910452617453e+00
8.905855995486042957e+03,1.052799290358962025e+00,1.047732426178869414e+00
8.905803912152703560e+03,1.052813094266032978e+00,1.282720621511446168e+00
8.905803912152703560e+03,1.053570895297323506e+00,1.773905887010595039e+00
8.905713634374915273e+03,1.053681149821689589e+00,3.227701922915475197e-01
8.905710162152692646e+03,1.053970501673575200e+00,3.113801278070462697e-01
8.905713634374915273e+03,1.054728302704865506e+00,1.621259359443632198e+00
8.905710162152692646e+03,1.055114105174046246e+00,1.526287305272044481e+00
8.905713634374915273e+03,1.055114105174046246e+00,1.686819125689307031e+00
8.905710162152692646e+03,1.055499907643226987e+00,1.541901942716992879e+00
8.905751828819364164e+03,1.057153372044316031e+00,1.966587211230448551e+00
8.905803912152703560e+03,1.058200524927491948e+00,5.103940966331389495e-01
8.905803912152703560e+03,1.058586327396672688e+00,4.384723047575956323e-01
8.905751828819364164e+03,1.059357932335034169e+00,3.103371704183062185e+00
8.905713634374915273e+03,1.060336242415057084e+00,1.431512102466566461e+00
8.905710162152692646e+03,1.060625594266942473e+00,1.489787851377120997e+00
8.905713634374915273e+03,1.063601759496022092e+00,3.148602648615769439e+00
8.905710162152692646e+03,1.063987561965202833e+00,1.750859679188580431e+00
8.905751828819364164e+03,1.063987561965202833e+00,5.966815099339735085e-01
8.905751828819364164e+03,1.064373364434383573e+00,7.390388209519754836e-01
8.905713634374915273e+03,1.068231389126190756e+00,5.847517144400472544e-01
8.905710162152692646e+03,1.068617191595371274e+00,7.025740654989781619e-01
8.905713634374915273e+03,1.068617191595371274e+00,6.573819841736320280e-01
8.905710162152692646e+03,1.069002994064552015e+00,6.152201335809911464e-01
8.915209661321481690e+03,1.076002654138089154e+00,1.553996641146691227e+00
8.915206189099259063e+03,1.077160061545631153e+00,2.195222412610155160e+00
8.905855995486042957e+03,1.132740547278279442e+00,3.484307598285237284e-01
8.905855995486042957e+03,1.136528426066599318e+00,3.876605357082607561e-01
8.905803912152703560e+03,1.137475395763679176e+00,4.232314307576031664e-01
8.905803912152703560e+03,1.141263274551999052e+00,2.062309721359289194e-01
8.905751828819364164e+03,1.142210244249078910e+00,4.044051699829939728e-01
8.905855995486042957e+03,1.143788527077545414e+00,1.231858704789920544e+00
8.905713634374915273e+03,1.145682466471705352e+00,2.472956584305650296e-01
8.905710162152692646e+03,1.145998123037398564e+00,2.404105882830735452e-01
8.905751828819364164e+03,1.145998123037398564e+00,4.810883072945678074e-01
8.905803912152703560e+03,1.148523375562945148e+00,3.501309813864141307e-01
8.905713634374915273e+03,1.149470345260025006e+00,3.227701922915475197e-01
8.905710162152692646e+03,1.149786001825718440e+00,3.113801278070462697e-01
8.905751828819364164e+03,1.153258224048344882e+00,1.261248903972672419e+00
8.905713634374915273e+03,1.156730446270971324e+00,1.355213062282226488e+00
8.905710162152692646e+03,1.157046102836664536e+00,1.053984037914240668e+00
8.905855995486042957e+03,1.168774201652013289e+00,3.178919708580008496e+00
8.905855995486042957e+03,1.169208229429841595e+00,1.470906591284782294e+00
8.905803912152703560e+03,1.175284618319437868e+00,6.159171894077486442e-01
8.905803912152703560e+03,1.175718646097266173e+00,6.646913860626960657e-01
8.905855995486042957e+03,1.178756840542064310e+00,2.358924925482548396e+00
8.905751828819364164e+03,1.181795034986862447e+00,1.468311642474608991e+00
8.905751828819364164e+03,1.182229062764690752e+00,1.466566034576954003e+00
8.905855995486042957e+03,1.183965173876003973e+00,1.079613910452617453e+00
8.905855995486042957e+03,1.184399201653832279e+00,1.047732426178869414e+00
8.905803912152703560e+03,1.185267257209488889e+00,7.937476461801171723e-01
8.905713634374915273e+03,1.186569340542973805e+00,1.120675185853902134e+00
8.905710162152692646e+03,1.187003368320802110e+00,9.121914134830644283e-01
8.905713634374915273e+03,1.187003368320802110e+00,9.678390954763935738e-01
8.905710162152692646e+03,1.187437396098630416e+00,1.381359399199820537e+00
8.905803912152703560e+03,1.190475590543428552e+00,5.103940966331389495e-01
8.905803912152703560e+03,1.190909618321256858e+00,4.384723047575956323e-01
8.905751828819364164e+03,1.191777673876913468e+00,1.939204489485294225e+00
8.905713634374915273e+03,1.196551979433024826e+00,1.752150978979876150e+00
8.905751828819364164e+03,1.196986007210853131e+00,5.966815099339735085e-01
8.905710162152692646e+03,1.196986007210853131e+00,1.750859679188580431e+00
8.905751828819364164e+03,1.197420034988681437e+00,7.390388209519754836e-01
8.905713634374915273e+03,1.201760312766964489e+00,5.847517144400472544e-01
8.905713634374915273e+03,1.202194340544792794e+00,6.573819841736320280e-01
8.905710162152692646e+03,1.202194340544792794e+00,7.025740654989781619e-01
8.905710162152692646e+03,1.202628368322621100e+00,6.152201335809911464e-01
8.905855995486042957e+03,1.246014602006107364e+00,3.484307598285237284e-01
8.905855995486042957e+03,1.250181268673259183e+00,3.876605357082607561e-01
8.905803912152703560e+03,1.251222935340047027e+00,4.232314307576031664e-01
8.905803912152703560e+03,1.255389602007198846e+00,2.062309721359289194e-01
8.905751828819364164e+03,1.256431268673986690e+00,4.044051699829939728e-01
8.905855995486042957e+03,1.258167379785299911e+00,1.231858704789920544e+00
8.905713634374915273e+03,1.260250713118875820e+00,2.472956584305650296e-01
8.905751828819364164e+03,1.260597935341138509e+00,4.810883072945678074e-01
8.905710162152692646e+03,1.260597935341138509e+00,2.404105882830735452e-01
8.905803912152703560e+03,1.263375713119239574e+00,3.501309813864141307e-01
8.905713634374915273e+03,1.264417379786027640e+00,3.227701922915475197e-01
8.905710162152692646e+03,1.264764602008290328e+00,3.113801278070462697e-01
8.905751828819364164e+03,1.268584046453179237e+00,1.261248903972672419e+00
8.905713634374915273e+03,1.272403490898068368e+00,1.355213062282226488e+00
8.905710162152692646e+03,1.272750713120331056e+00,1.053984037914240668e+00
8.905855995486042957e+03,1.335741944745157950e+00,3.178919708580008496e+00
8.905855995486042957e+03,1.336237976491247537e+00,1.470906591284782294e+00
8.905803912152703560e+03,1.343182420936500421e+00,6.159171894077486442e-01
8.905803912152703560e+03,1.343678452682590008e+00,6.646913860626960657e-01
8.905855995486042957e+03,1.347150674905216450e+00,2.358924925482548396e+00
8.905751828819364164e+03,1.350622897127842892e+00,1.468311642474608991e+00
8.905751828819364164e+03,1.351118928873932257e+00,1.466566034576954003e+00
8.905855995486042957e+03,1.353103055858290160e+00,1.079613910452617453e+00
8.905855995486042957e+03,1.353599087604379747e+00,1.047732426178869414e+00
8.905803912152703560e+03,1.354591151096558699e+00,7.937476461801171723e-01
8.905713634374915273e+03,1.356079246334827237e+00,1.120675185853902134e+00
8.905710162152692646e+03,1.356575278080916602e+00,9.121914134830644283e-01
8.905713634374915273e+03,1.356575278080916602e+00,9.678390954763935738e-01
8.905710162152692646e+03,1.357071309827006189e+00,1.381359399199820537e+00
8.905803912152703560e+03,1.360543532049632631e+00,5.103940966331389495e-01
8.905803912152703560e+03,1.361039563795722218e+00,4.384723047575956323e-01
8.905751828819364164e+03,1.362031627287901170e+00,1.939204489485294225e+00
8.905713634374915273e+03,1.367487976494885515e+00,1.752150978979876150e+00
8.905751828819364164e+03,1.367984008240975102e+00,5.966815099339735085e-01
8.905710162152692646e+03,1.367984008240975102e+00,1.750859679188580431e+00
8.905751828819364164e+03,1.368480039987064467e+00,7.390388209519754836e-01
8.905713634374915273e+03,1.373440357447959448e+00,5.847517144400472544e-01
8.905713634374915273e+03,1.373936389194048813e+00,6.573819841736320280e-01
8.905710162152692646e+03,1.373936389194048813e+00,7.025740654989781619e-01
8.905710162152692646e+03,1.374432420940138400e+00,6.152201335809911464e-01
8.905855995486042957e+03,1.384460668895674873e+00,3.484307598285237284e-01
8.905855995486042957e+03,1.389090298525843536e+00,3.876605357082607561e-01
8.905803912152703560e+03,1.390247705933385758e+00,4.232314307576031664e-01
8.905803912152703560e+03,1.394877335563554199e+00,2.062309721359289194e-01
8.905751828819364164e+03,1.396034742971096421e+00,4.044051699829939728e-01
8.905855995486042957e+03,1.397963755316999901e+00,1.231858704789920544e+00
8.905713634374915273e+03,1.400278570132084344e+00,2.472956584305650296e-01
8.905710162152692646e+03,1.400664372601265084e+00,2.404105882830735452e-01
8.905751828819364164e+03,1.400664372601265084e+00,4.810883072945678074e-01
8.905803912152703560e+03,1.403750792354710786e+00,3.501309813864141307e-01
8.905713634374915273e+03,1.404908199762252785e+00,3.227701922915475197e-01
8.905710162152692646e+03,1.405294002231433526e+00,3.113801278070462697e-01
8.905751828819364164e+03,1.409537829392421449e+00,1.261248903972672419e+00
8.905713634374915273e+03,1.413781656553409372e+00,1.355213062282226488e+00
8.905710162152692646e+03,1.414167459022590112e+00,1.053984037914240668e+00
8.915331189099273615e+03,1.492476203415208147e+00,4.477858281144083130e-01
8.915327716877050989e+03,1.494212314526521368e+00,4.114410161599477145e-01
8.915331189099273615e+03,1.513309536750966799e+00,3.920670418187826578e-01
8.915327716877050989e+03,1.515045647862280020e+00,3.166473183069537511e-01
8.915286050210379472e+03,1.515045647862280020e+00,7.304945222718494113e-01
8.915286050210379472e+03,1.535878981198038673e+00,8.448498783937604673e-01
8.915209661321481690e+03,1.553240092311170883e+00,9.278441496331795157e-01
8.915331189099273615e+03,1.553240092311170883e+00,9.412803298212659708e-01
8.915327716877050989e+03,1.554976203422484105e+00,8.462618856980547166e-01
8.915206189099259063e+03,1.554976203422484105e+00,9.135112364093865844e-01
8.905855995486042957e+03,1.557518252507634315e+00,3.484307598285237284e-01
8.905855995486042957e+03,1.558365602202684386e+00,1.343601337634797721e+00
8.905855995486042957e+03,1.558944305906455385e+00,1.462477010207924311e+00
8.905855995486042957e+03,1.562726585841573979e+00,7.281069982260151008e-01
8.905803912152703560e+03,1.564028669175058894e+00,4.232314307576031664e-01
8.905803912152703560e+03,1.567046157759250491e+00,1.201288747205996765e+00
8.905803912152703560e+03,1.567624861463021491e+00,1.124263886640309629e+00
8.905803912152703560e+03,1.569237002508998557e+00,1.064392419134417400e+00
8.905751828819364164e+03,1.570539085842483473e+00,4.044051699829939728e-01
8.905855995486042957e+03,1.571675787389419154e+00,2.842143727447438817e+00
8.905855995486042957e+03,1.572709224731625000e+00,3.269386663273950777e+00
8.915209661321481690e+03,1.574073425646929536e+00,1.458727254507475202e+00
8.905713634374915273e+03,1.575313391398594831e+00,2.472956584305650296e-01
8.905751828819364164e+03,1.575726713315816596e+00,1.994938873088427655e+00
8.905751828819364164e+03,1.575747419176423136e+00,1.994938873088427655e+00
8.905710162152692646e+03,1.575747419176423136e+00,2.404105882830735452e-01
8.915286050210379472e+03,1.575809536758242757e+00,1.463875917099020763e+00
8.915206189099259063e+03,1.575809536758242757e+00,1.994938873088427655e+00
8.905751828819364164e+03,1.576305417019587596e+00,1.833538441962214049e+00
8.905855995486042957e+03,1.578620231834672039e+00,1.079613910452617453e+00
8.905855995486042957e+03,1.579198935538443038e+00,1.047732426178869414e+00
8.905803912152703560e+03,1.579219641399049578e+00,1.282720621511446168e+00
8.905803912152703560e+03,1.580356342945985260e+00,1.773905887010595039e+00
8.905713634374915273e+03,1.580521724732534494e+00,3.227701922915475197e-01
8.905710162152692646e+03,1.580955752510362800e+00,3.113801278070462697e-01
8.905713634374915273e+03,1.582092454057298481e+00,1.621259359443632198e+00
8.905713634374915273e+03,1.582671157761069480e+00,1.686819125689307031e+00
8.905710162152692646e+03,1.582671157761069480e+00,1.526287305272044481e+00
8.905710162152692646e+03,1.583249861464840480e+00,1.541901942716992879e+00
8.905751828819364164e+03,1.585730058066474157e+00,1.966587211230448551e+00
8.905803912152703560e+03,1.587300787391238144e+00,5.103940966331389495e-01
8.905803912152703560e+03,1.587879491095009143e+00,4.384723047575956323e-01
8.905751828819364164e+03,1.589036898502551365e+00,3.103371704183062185e+00
8.905713634374915273e+03,1.590504363622585515e+00,1.431512102466566461e+00
8.905710162152692646e+03,1.590938391400413821e+00,1.489787851377120997e+00
8.905713634374915273e+03,1.595402639244033027e+00,3.148602648615769439e+00
8.905751828819364164e+03,1.595981342947804249e+00,5.966815099339735085e-01
8.905710162152692646e+03,1.595981342947804249e+00,1.750859679188580431e+00
8.905751828819364164e+03,1.596560046651575249e+00,7.390388209519754836e-01
8.905713634374915273e+03,1.602347083689285911e+00,5.847517144400472544e-01
8.905713634374915273e+03,1.602925787393057133e+00,6.573819841736320280e-01
8.905710162152692646e+03,1.602925787393057133e+00,7.025740654989781619e-01
8.905710162152692646e+03,1.603504491096828133e+00,6.152201335809911464e-01
8.915209661321481690e+03,1.614003981207133620e+00,1.553996641146691227e+00
8.915206189099259063e+03,1.615740092318446841e+00,2.195222412610155160e+00
8.905855995486042957e+03,1.780020860008724837e+00,3.484307598285237284e-01
8.905855995486042957e+03,1.785973240961798769e+00,3.876605357082607561e-01
8.905803912152703560e+03,1.787461336200067308e+00,4.232314307576031664e-01
8.905803912152703560e+03,1.793413717153141240e+00,2.062309721359289194e-01
8.905751828819364164e+03,1.794901812391409779e+00,4.044051699829939728e-01
8.905855995486042957e+03,1.797381971121857047e+00,1.231858704789920544e+00
8.905713634374915273e+03,1.800358161598394124e+00,2.472956584305650296e-01
8.905710162152692646e+03,1.800854193344483489e+00,2.404105882830735452e-01
8.905751828819364164e+03,1.800854193344483489e+00,4.810883072945678074e-01
8.905803912152703560e+03,1.804822447313199518e+00,3.501309813864141307e-01
8.905713634374915273e+03,1.806310542551468057e+00,3.227701922915475197e-01
8.905710162152692646e+03,1.806806574297557422e+00,3.113801278070462697e-01
8.905751828819364164e+03,1.812262923504541989e+00,1.261248903972672419e+00
8.905713634374915273e+03,1.817719272711526335e+00,1.355213062282226488e+00
8.905710162152692646e+03,1.818215304457615700e+00,1.053984037914240668e+00
8.905855995486042957e+03,1.870038722643221352e+00,3.178919708580008496e+00
8.905855995486042957e+03,1.870733167087746507e+00,1.470906591284782294e+00
8.905803912152703560e+03,1.880455389311100678e+00,6.159171894077486442e-01
8.905803912152703560e+03,1.881149833755625833e+00,6.646913860626960657e-01
8.905855995486042957e+03,1.886010944867302808e+00,2.358924925482548396e+00
8.905751828819364164e+03,1.890872055978980004e+00,1.468311642474608991e+00
8.905751828819364164e+03,1.891566500423505159e+00,1.466566034576954003e+00
8.905855995486042957e+03,1.894344278201606446e+00,1.079613910452617453e+00
8.905855995486042957e+03,1.895038722646131601e+00,1.047732426178869414e+00
8.905803912152703560e+03,1.896427611535182134e+00,7.937476461801171723e-01
8.905713634374915273e+03,1.898510944868758044e+00,1.120675185853902134e+00
8.905710162152692646e+03,1.899205389313283421e+00,9.121914134830644283e-01
8.905713634374915273e+03,1.899205389313283421e+00,9.678390954763935738e-01
8.905710162152692646e+03,1.899899833757808576e+00,1.381359399199820537e+00
8.905803912152703560e+03,1.904760944869485773e+00,5.103940966331389495e-01
8.905803912152703560e+03,1.905455389314010928e+00,4.384723047575956323e-01
8.905751828819364164e+03,1.906844278203061460e+00,1.939204489485294225e+00
8.905713634374915273e+03,1.914483167092839722e+00,1.752150978979876150e+00
8.905751828819364164e+03,1.915177611537365099e+00,5.966815099339735085e-01
8.905710162152692646e+03,1.915177611537365099e+00,1.750859679188580431e+00
8.905751828819364164e+03,1.915872055981890254e+00,7.390388209519754836e-01
8.905713634374915273e+03,1.922816500427143138e+00,5.847517144400472544e-01
8.905710162152692646e+03,1.923510944871668515e+00,7.025740654989781619e-01
8.905713634374915273e+03,1.923510944871668515e+00,6.573819841736320280e-01
8.905710162152692646e+03,1.924205389316193671e+00,6.152201335809911464e-01
8.905855995486042957e+03,2.076691003343512421e+00,3.484307598285237284e-01
8.905855995486042957e+03,2.083635447788765305e+00,3.876605357082607561e-01
8.905803912152703560e+03,2.085371558900078526e+00,4.232314307576031664e-01
8.905803912152703560e+03,2.092316003345331410e+00,2.062309721359289194e-01
8.905751828819364164e+03,2.094052114456644631e+00,4.044051699829939728e-01
8.905855995486042957e+03,2.096945632975499851e+00,1.231858704789920544e+00
8.905713634374915273e+03,2.100417855198126293e+00,2.472956584305650296e-01
8.905710162152692646e+03,2.100996558901897515e+00,2.404105882830735452e-01
8.905751828819364164e+03,2.100996558901897515e+00,4.810883072945678074e-01
8.905803912152703560e+03,2.105626188532065957e+00,3.501309813864141307e-01
8.905713634374915273e+03,2.107362299643379178e+00,3.227701922915475197e-01
8.905710162152692646e+03,2.107941003347150399e+00,3.113801278070462697e-01
8.905751828819364164e+03,2.114306744088632062e+00,1.261248903972672419e+00
8.905713634374915273e+03,2.120672484830114168e+00,1.355213062282226488e+00
8.905710162152692646e+03,2.121251188533884946e+00,1.053984037914240668e+00
8.905855995486042957e+03,2.337548403304026579e+00,3.178919708580008496e+00
8.905855995486042957e+03,2.338416458859683189e+00,1.470906591284782294e+00
8.905803912152703560e+03,2.350569236638875736e+00,6.159171894077486442e-01
8.905803912152703560e+03,2.351437292194532347e+00,6.646913860626960657e-01
8.905855995486042957e+03,2.357513681084128621e+00,2.358924925482548396e+00
8.905751828819364164e+03,2.363590069973724894e+00,1.468311642474608991e+00
8.905751828819364164e+03,2.364458125529381505e+00,1.466566034576954003e+00
8.905855995486042957e+03,2.367930347752007947e+00,1.079613910452617453e+00
8.905855995486042957e+03,2.368798403307664557e+00,1.047732426178869414e+00
8.905803912152703560e+03,2.370534514418977778e+00,7.937476461801171723e-01
8.905713634374915273e+03,2.373138681085947610e+00,1.120675185853902134e+00
8.905710162152692646e+03,2.374006736641604220e+00,9.121914134830644283e-01
8.905713634374915273e+03,2.374006736641604220e+00,9.678390954763935738e-01
8.905710162152692646e+03,2.374874792197260831e+00,1.381359399199820537e+00
8.905803912152703560e+03,2.380951181086857105e+00,5.103940966331389495e-01
8.905803912152703560e+03,2.381819236642513715e+00,4.384723047575956323e-01
8.905751828819364164e+03,2.383555347753826936e+00,1.939204489485294225e+00
8.905713634374915273e+03,2.393103958866049652e+00,1.752150978979876150e+00
8.905710162152692646e+03,2.393972014421706263e+00,1.750859679188580431e+00
8.905751828819364164e+03,2.393972014421706263e+00,5.966815099339735085e-01
8.905751828819364164e+03,2.394840069977362873e+00,7.390388209519754836e-01
8.905713634374915273e+03,2.403520625533928978e+00,5.847517144400472544e-01
8.905713634374915273e+03,2.404388681089585589e+00,6.573819841736320280e-01
8.905710162152692646e+03,2.404388681089585589e+00,7.025740654989781619e-01
8.905710162152692646e+03,2.405256736645242199e+00,6.152201335809911464e-01
8.905855995486042957e+03,2.492029204012214727e+00,3.484307598285237284e-01
8.905855995486042957e+03,2.500362537346518366e+00,3.876605357082607561e-01
8.905803912152703560e+03,2.502445870680094053e+00,4.232314307576031664e-01
8.905803912152703560e+03,2.510779204014397692e+00,2.062309721359289194e-01
8.905751828819364164e+03,2.512862537347973380e+00,4.044051699829939728e-01
8.905855995486042957e+03,2.516334759570599822e+00,1.231858704789920544e+00
8.905713634374915273e+03,2.520501426237751641e+00,2.472956584305650296e-01
8.905710162152692646e+03,2.521195870682277018e+00,2.404105882830735452e-01
8.905751828819364164e+03,2.521195870682277018e+00,4.810883072945678074e-01
8.905803912152703560e+03,2.526751426238479148e+00,3.501309813864141307e-01
8.905713634374915273e+03,2.528834759572055280e+00,3.227701922915475197e-01
8.905710162152692646e+03,2.529529204016580657e+00,3.113801278070462697e-01
8.905751828819364164e+03,2.537168092906358474e+00,1.261248903972672419e+00
8.905713634374915273e+03,2.544806981796136736e+00,1.355213062282226488e+00
8.905710162152692646e+03,2.545501426240662113e+00,1.053984037914240668e+00
8.915331189099273615e+03,2.984952406830416294e+00,4.477858281144083130e-01
8.915327716877050989e+03,2.988424629053042736e+00,4.114410161599477145e-01
8.915331189099273615e+03,3.026619073501933599e+00,3.920670418187826578e-01
8.915327716877050989e+03,3.030091295724560041e+00,3.166473183069537511e-01
8.915286050210379472e+03,3.030091295724560041e+00,7.304945222718494113e-01
8.915286050210379472e+03,3.071757962396077346e+00,8.448498783937604673e-01
8.915331189099273615e+03,3.106480184622341767e+00,9.412803298212659708e-01
8.915209661321481690e+03,3.106480184622341767e+00,9.278441496331795157e-01
8.915206189099259063e+03,3.109952406844968209e+00,9.135112364093865844e-01
8.915327716877050989e+03,3.109952406844968209e+00,8.462618856980547166e-01
8.905855995486042957e+03,3.115036505015268631e+00,3.484307598285237284e-01
8.905855995486042957e+03,3.116731204405368771e+00,1.343601337634797721e+00
8.905855995486042957e+03,3.117888611812910771e+00,1.462477010207924311e+00
8.905855995486042957e+03,3.125453171683147957e+00,7.281069982260151008e-01
8.905803912152703560e+03,3.128057338350117789e+00,4.232314307576031664e-01
8.905803912152703560e+03,3.134092315518500982e+00,1.201288747205996765e+00
8.905803912152703560e+03,3.135249722926042981e+00,1.124263886640309629e+00
8.905803912152703560e+03,3.138474005017997115e+00,1.064392419134417400e+00
8.905751828819364164e+03,3.141078171684966946e+00,4.044051699829939728e-01
8.905855995486042957e+03,3.143351574778838309e+00,2.842143727447438817e+00
8.905855995486042957e+03,3.145418449463249999e+00,3.269386663273950777e+00
8.915209661321481690e+03,3.148146851293859072e+00,1.458727254507475202e+00
8.905713634374915273e+03,3.150626782797189662e+00,2.472956584305650296e-01
8.905751828819364164e+03,3.151453426631633192e+00,1.994938873088427655e+00
8.905710162152692646e+03,3.151494838352846273e+00,2.404105882830735452e-01
8.905751828819364164e+03,3.151494838352846273e+00,1.994938873088427655e+00
8.915206189099259063e+03,3.151619073516485514e+00,1.994938873088427655e+00
8.915286050210379472e+03,3.151619073516485514e+00,1.463875917099020763e+00
8.905751828819364164e+03,3.152610834039175192e+00,1.833538441962214049e+00
8.905855995486042957e+03,3.157240463669344077e+00,1.079613910452617453e+00
8.905855995486042957e+03,3.158397871076886076e+00,1.047732426178869414e+00
8.905803912152703560e+03,3.158439282798099157e+00,1.282720621511446168e+00
8.905803912152703560e+03,3.160712685891970519e+00,1.773905887010595039e+00
8.905713634374915273e+03,3.161043449465068989e+00,3.227701922915475197e-01
8.905710162152692646e+03,3.161911505020725599e+00,3.113801278070462697e-01
8.905713634374915273e+03,3.164184908114596961e+00,1.621259359443632198e+00
8.905713634374915273e+03,3.165342315522138961e+00,1.686819125689307031e+00
8.905710162152692646e+03,3.165342315522138961e+00,1.526287305272044481e+00
8.905710162152692646e+03,3.166499722929680960e+00,1.541901942716992879e+00
8.905751828819364164e+03,3.171460116132948315e+00,1.966587211230448551e+00
8.905803912152703560e+03,3.174601574782476288e+00,5.103940966331389495e-01
8.905803912152703560e+03,3.175758982190018287e+00,4.384723047575956323e-01
8.905751828819364164e+03,3.178073797005102730e+00,3.103371704183062185e+00
8.905713634374915273e+03,3.181008727245171031e+00,1.431512102466566461e+00
8.905710162152692646e+03,3.181876782800827641e+00,1.489787851377120997e+00
8.905713634374915273e+03,3.190805278488066055e+00,3.148602648615769439e+00
8.905751828819364164e+03,3.191962685895608498e+00,5.966815099339735085e-01
8.905710162152692646e+03,3.191962685895608498e+00,1.750859679188580431e+00
8.905751828819364164e+03,3.193120093303150497e+00,7.390388209519754836e-01
8.905713634374915273e+03,3.204694167378571823e+00,5.847517144400472544e-01
8.905710162152692646e+03,3.205851574786114266e+00,7.025740654989781619e-01
8.905713634374915273e+03,3.205851574786114266e+00,6.573819841736320280e-01
8.905710162152692646e+03,3.207008982193656266e+00,6.152201335809911464e-01
8.915209661321481690e+03,3.228007962414267240e+00,1.553996641146691227e+00
8.915206189099259063e+03,3.231480184636893682e+00,2.195222412610155160e+00
8.905855995486042957e+03,4.153382006687024841e+00,3.484307598285237284e-01
8.905855995486042957e+03,4.167270895577530609e+00,3.876605357082607561e-01
8.905803912152703560e+03,4.170743117800157052e+00,4.232314307576031664e-01
8.905803912152703560e+03,4.184632006690662820e+00,2.062309721359289194e-01
8.905751828819364164e+03,4.188104228913289262e+00,4.044051699829939728e-01
8.905855995486042957e+03,4.193891265950999703e+00,1.231858704789920544e+00
8.905713634374915273e+03,4.200835710396252587e+00,2.472956584305650296e-01
8.905751828819364164e+03,4.201993117803795030e+00,4.810883072945678074e-01
8.905710162152692646e+03,4.201993117803795030e+00,2.404105882830735452e-01
8.905803912152703560e+03,4.211252377064131913e+00,3.501309813864141307e-01
8.905713634374915273e+03,4.214724599286758355e+00,3.227701922915475197e-01
8.905710162152692646e+03,4.215882006694300799e+00,3.113801278070462697e-01
8.905751828819364164e+03,4.228613488177264124e+00,1.261248903972672419e+00
8.905713634374915273e+03,4.241344969660228337e+00,1.355213062282226488e+00
8.905710162152692646e+03,4.242502377067769892e+00,1.053984037914240668e+00
8.905855995486042957e+03,4.675096806608053157e+00,3.178919708580008496e+00
8.905855995486042957e+03,4.676832917719366378e+00,1.470906591284782294e+00
8.905803912152703560e+03,4.701138473277751473e+00,6.159171894077486442e-01
8.905803912152703560e+03,4.702874584389064694e+00,6.646913860626960657e-01
8.905855995486042957e+03,4.715027362168257241e+00,2.358924925482548396e+00
8.905751828819364164e+03,4.727180139947449788e+00,1.468311642474608991e+00
8.905751828819364164e+03,4.728916251058763009e+00,1.466566034576954003e+00
8.905855995486042957e+03,4.735860695504015894e+00,1.079613910452617453e+00
8.905855995486042957e+03,4.737596806615329115e+00,1.047732426178869414e+00
8.905803912152703560e+03,4.741069028837955557e+00,7.937476461801171723e-01
8.905713634374915273e+03,4.746277362171895220e+00,1.120675185853902134e+00
8.905713634374915273e+03,4.748013473283208441e+00,9.678390954763935738e-01
8.905710162152692646e+03,4.748013473283208441e+00,9.121914134830644283e-01
8.905710162152692646e+03,4.749749584394521662e+00,1.381359399199820537e+00
8.905803912152703560e+03,4.761902362173714209e+00,5.103940966331389495e-01
8.905803912152703560e+03,4.763638473285027430e+00,4.384723047575956323e-01
8.905751828819364164e+03,4.767110695507653872e+00,1.939204489485294225e+00
8.905713634374915273e+03,4.786207917732099304e+00,1.752150978979876150e+00
8.905710162152692646e+03,4.787944028843412525e+00,1.750859679188580431e+00
8.905751828819364164e+03,4.787944028843412525e+00,5.966815099339735085e-01
8.905751828819364164e+03,4.789680139954725746e+00,7.390388209519754836e-01
8.905713634374915273e+03,4.807041251067857957e+00,5.847517144400472544e-01
8.905710162152692646e+03,4.808777362179171178e+00,7.025740654989781619e-01
8.905713634374915273e+03,4.808777362179171178e+00,6.573819841736320280e-01
8.905710162152692646e+03,4.810513473290484399e+00,6.152201335809911464e-01
8.905855995486042957e+03,6.230073010030537262e+00,3.484307598285237284e-01
8.905855995486042957e+03,6.250906343366295914e+00,3.876605357082607561e-01
8.905803912152703560e+03,6.256114676700235577e+00,4.232314307576031664e-01
8.905803912152703560e+03,6.276948010035994230e+00,2.062309721359289194e-01
8.905751828819364164e+03,6.282156343369933893e+00,4.044051699829939728e-01
8.905855995486042957e+03,6.290836898926499998e+00,1.231858704789920544e+00
8.905713634374915273e+03,6.301253565594379324e+00,2.472956584305650296e-01
8.905751828819364164e+03,6.302989676705692546e+00,4.810883072945678074e-01
8.905710162152692646e+03,6.302989676705692546e+00,2.404105882830735452e-01
8.905803912152703560e+03,6.316878565596198314e+00,3.501309813864141307e-01
8.905713634374915273e+03,6.322086898930137977e+00,3.227701922915475197e-01
8.905710162152692646e+03,6.323823010041451198e+00,3.113801278070462697e-01
8.905751828819364164e+03,6.342920232265896630e+00,1.261248903972672419e+00
8.905713634374915273e+03,6.362017454490342061e+00,1.355213062282226488e+00
8.905710162152692646e+03,6.363753565601655282e+00,1.053984037914240668e+00
8.905855995486042957e+03,9.350193613216106314e+00,3.178919708580008496e+00
8.905855995486042957e+03,9.353665835438732756e+00,1.470906591284782294e+00
8.905803912152703560e+03,9.402276946555502946e+00,6.159171894077486442e-01
8.905803912152703560e+03,9.405749168778129388e+00,6.646913860626960657e-01
8.905855995486042957e+03,9.430054724336514482e+00,2.358924925482548396e+00
8.905751828819364164e+03,9.454360279894899577e+00,1.468311642474608991e+00
8.905751828819364164e+03,9.457832502117526019e+00,1.466566034576954003e+00
8.905855995486042957e+03,9.471721391008031787e+00,1.079613910452617453e+00
8.905855995486042957e+03,9.475193613230658229e+00,1.047732426178869414e+00
8.905803912152703560e+03,9.482138057675911114e+00,7.937476461801171723e-01
8.905713634374915273e+03,9.492554724343790440e+00,1.120675185853902134e+00
8.905710162152692646e+03,9.496026946566416882e+00,9.121914134830644283e-01
8.905713634374915273e+03,9.496026946566416882e+00,9.678390954763935738e-01
8.905710162152692646e+03,9.499499168789043324e+00,1.381359399199820537e+00
8.905803912152703560e+03,9.523804724347428419e+00,5.103940966331389495e-01
8.905803912152703560e+03,9.527276946570054861e+00,4.384723047575956323e-01
8.905751828819364164e+03,9.534221391015307745e+00,1.939204489485294225e+00
8.905713634374915273e+03,9.572415835464198608e+00,1.752150978979876150e+00
8.905751828819364164e+03,9.575888057686825050e+00,5.966815099339735085e-01
8.905710162152692646e+03,9.575888057686825050e+00,1.750859679188580431e+00
8.905751828819364164e+03,9.579360279909451492e+00,7.390388209519754836e-01
8.905713634374915273e+03,9.614082502135715913e+00,5.847517144400472544e-01
8.905710162152692646e+03,9.617554724358342355e+00,7.025740654989781619e-01
8.905713634374915273e+03,9.617554724358342355e+00,6.573819841736320280e-01
8.905710162152692646e+03,9.621026946580968797e+00,6.152201335809911464e-01
8.905855995486042957e+03,1.246014602006107452e+01,3.484307598285237284e-01
8.905855995486042957e+03,1.250181268673259183e+01,3.876605357082607561e-01
8.905803912152703560e+03,1.251222935340047115e+01,4.232314307576031664e-01
8.905803912152703560e+03,1.255389602007198846e+01,2.062309721359289194e-01
8.905751828819364164e+03,1.256431268673986779e+01,4.044051699829939728e-01
8.905855995486042957e+03,1.258167379785300000e+01,1.231858704789920544e+00
8.905713634374915273e+03,1.260250713118875865e+01,2.472956584305650296e-01
8.905751828819364164e+03,1.260597935341138509e+01,4.810883072945678074e-01
8.905710162152692646e+03,1.260597935341138509e+01,2.404105882830735452e-01
8.905803912152703560e+03,1.263375713119239663e+01,3.501309813864141307e-01
8.905713634374915273e+03,1.264417379786027595e+01,3.227701922915475197e-01
8.905710162152692646e+03,1.264764602008290240e+01,3.113801278070462697e-01
8.905751828819364164e+03,1.268584046453179326e+01,1.261248903972672419e+00
8.905713634374915273e+03,1.272403490898068412e+01,1.355213062282226488e+00
8.905710162152692646e+03,1.272750713120331056e+01,1.053984037914240668e+00
