Sp_ID,2MASS_ID,gaia,RA_1,DEC_1,,
Sp0000-1245,00002867-1245153,2421137424841635840,0.1193751,-12.7542112,,
Sp0001+1535,00011217+1535355,2772182900286956160,0.3007107,15.5932068,,
Sp0002+0115,00020623+0115360,2738415592529108096,0.5259069,1.2600395,,
Sp0004+5843,00040760+5843007,423130041883475968,1.0314046,58.716818,,
Sp0004-4044,00043484-4044058,4996141155411984128,1.146191,-40.7351291,,
Sp0004-2058,00044144-2058298,2340736324254735488,1.1730139,-20.9749664,,
Sp0005+0217,00050184+0217120,2739077223651402240,1.2576252,2.2866248,,
Sp0005-2157,00054844-2157196,2340605825968413184,1.4521622,-21.9554899,,
Sp0006+0439,00062623+0439115,2741783362285662592,1.6092862,4.6532415,,
Sp0007-2458,00070787-2458042,2336406413104712320,1.7829665,-24.9678772,,
Sp0008+5453,00083459+5453428,420235478744248192,2.1438542,54.89522,,
Sp0008+4918,0000000+0000,393621524910343296,0.0,0.0,,
Sp0008+2911,00085931+2911521,2860297040582153600,2.2470473,29.1977456,,
Sp0010-2031,00100009-2031122,2364740071837660672,2.5004679,-20.5200619,,
Sp0010-0746,00102936-0746487,2429635550212644608,2.622372,-7.7802664,,
Sp0011-3334,00110248-3334463,2310240437249834496,2.7603567,-33.579604,,
Sp0012+5159,00122517+5159204,395797630219580032,3.1032685,51.9889449,,
Sp0013+4012,00130254+4012149,383030719672118528,3.2602292,40.2041241,,
Sp0013-2235,00135779-2235200,2361294885296927488,3.4908153,-22.5889735,,
Sp0014-3245,00140580-3245599,2316363175123938560,3.5242695,-32.7666224,,
Sp0014-4844,00145575-4844171,4977142934516994176,3.7343152,-48.7380285,,
Sp0015+4239,00151547+4239288,383847961754087040,3.814316,42.657951,,
Sp0015+3516,00154476+3516026,2876239130257160960,3.9366105,35.2673998,,
Sp0017-4054,00171491-4054410,4995537965909399552,4.3119328,-40.9113924,,
Sp0018-6356,00184613-6356122,4900453540369793408,4.6938349,-63.9366153,,
Sp0019+0030,00191165+0030176,2545563520758981760,4.7985453,0.5049021,,
Sp0019-3724,00193927-3724392,4998742462483975424,4.9139298,-37.4109063,,
Sp0019+5213,00194579+5213179,419121948343397888,4.9418277,52.2215512,,
Sp0020-2155,00203752-2155296,2361213216492876160,5.1562344,-21.9249665,,
Sp0021-4244,00210589-4244433,4992141475707360640,5.2750567,-42.7454158,,
Sp0022+1203,00221379+1203049,2755265775727402112,5.557547,12.0513247,,
Sp0025+5422,00251602+5422547,419624356438705152,6.3157658,54.3819181,,
Sp0026+0632,00264045+0632159,2747837646968986624,6.6685726,6.5377759,,
Sp0026-5428,00265632-5428530,4923179694098110848,6.7358002,-54.4813334,,
Sp0027-5401,00272343-5401461,4923251780829182080,6.8489207,-54.0294586,,
Sp0029+1255,00290916+1255096,2755053363824509056,7.2882099,12.9193704,,
Sp0030+2244,00302476+2244492,2800023565494388480,7.6033929,22.7469251,,
Sp0031-3840,00311925-3840356,4997505546262260096,7.8309854,-38.6766878,,
Sp0031+0649,00315477+0649463,2747910730136768768,7.9782107,6.8295516,,
Sp0032+0219,00320509+0219017,2547532539925750784,8.0211733,2.3171783,,
Sp0032+2927,00321824+2927596,2858055063359237248,8.075909,29.4664987,,
Sp0033-1521,00332386-1521309,2373841073178592512,8.3495151,-15.3585741,,
Sp0035+2848,00354647+2848551,2857774451671081856,8.9438669,28.8152914,,
Sp0036+1821,00361617+1821104,2794735086363871360,9.067341,18.3528589,,
Sp0036-2031,00364481-2031317,2362391480640927872,9.1867419,-20.5254473,,
Sp0037+3910,00374965+3910228,368663366870354048,9.4571743,39.1730094,,
Sp0041+1341,00415453+1341351,2776324485710775296,10.477258,13.6932,,
Sp0042-0712,00423565-0712572,2523339813782147456,10.6487296,-7.215904,,
Sp0043+2426,00433563+2426120,2806483501252043776,10.8987515,24.4367411,,
Sp0044+5610,00441443+5610443,424486328134461440,11.060967,56.1789723,,
Sp0046+0252,00461551+0252004,2550766886522609920,11.56462,2.8668762,,
Sp0046-3442,00464429-3442073,5005816887800833792,11.6845044,-34.7019789,,
Sp0050-1538,00502444-1538184,2372272516761781888,12.6016888,-15.6386576,,
Sp0051-2251,00512263-2251317,2349207644734247808,12.8441409,-22.8588718,,
Sp0052-2705,00525468-2705597,2342686956666281728,13.2279384,-27.0998775,,
Sp0053-3631,00531899-3631102,5001668709601989248,13.3291346,-36.5194963,,
Sp0053+4942,00534244+4942512,402884704215426560,13.4263471,49.7142408,,
Sp0053+5001,00535409+5001496,402895974206479744,13.475417,50.0304033,,
Sp0055-5450,00550057-5450262,4920890648327138560,13.7521858,-54.8406109,,
Sp0055-3052,00550470-3052005,5031016873971268352,13.7694994,-30.8669404,,
Sp0058-0651,00584253-0651239,2476262466795918080,14.6772881,-6.8566744,,
Sp0058+4835,00584978+4835275,402217850409939456,14.7079839,48.5909506,,
Sp0059+5726,00595330+5726039,424127406310491904,14.9718292,57.4344065,,
Sp0102+5254,01020481+5254116,405102625325363840,15.519584,52.9031661,,
Sp0102-6322,01021362-6322445,4709450095539630080,15.5566915,-63.3790461,,
Sp0102-3737,01025100-3737438,4989399774745144448,15.7143748,-37.6288257,,
Sp0103+4509,01030791+4509292,377003295711606400,15.7838542,45.1581209,,
Sp0103-0044,01031145-0044170,2536129912855899904,15.7979302,-0.7381016,,
Sp0103+2626,01032149+2626046,307409432354133120,15.8393799,26.4345925,,
Sp0104+1457,01043768+1457242,2777311464900902144,16.1571796,14.9567196,,
Sp0106-5933,01062285-5933185,4903260597849834880,16.5954181,-59.5551273,,
Sp0107+2435,01070426+2435279,2804241012928464640,16.7675728,24.5908881,,
Sp0109-5100,01090150-5100494,4928644747924606848,17.2568975,-51.0137235,,
Sp0109+0625,01090735+0625578,2576519892681546240,17.2805383,6.4327437,,
Sp0109-4954,01090918-4954532,4928939932436444544,17.2885244,-49.9147585,,
Sp0109+2949,01092170+2949255,309977380415042432,17.341805,29.8240109,,
Sp0109-0343,01095117-0343264,2531195858721613056,17.4633464,-3.7239975,,
Sp0113-1408,01135973-1408174,2456022519312921472,18.4990542,-14.1383161,,
Sp0116-6455,01165283-6455570,4705936189520133760,19.2191495,-64.9325005,,
Sp0117+1752,01170586+1752568,2785769664257297408,19.2743871,17.8824174,,
Sp0120-0741,01204916-0741036,2472387757755767168,20.2048761,-7.684358,,
Sp0121-4447,01211220-4447035,4935070839335879936,20.3009974,-44.7843342,,
Sp0123-4240,01235905-4240073,4983839338285335680,20.995903,-42.6686582,,
Sp0124+8334,01241358+8334352,572481658379312896,21.0518681,83.5763529,,
Sp0125+2847,01245988+2847587,309062449301821056,21.2500094,28.7996263,,
Sp0128+0211,01282067+0211182,2559347994957228288,22.0860665,2.1884858,,
Sp0130+1721,01300580+1721434,2593537751408707584,22.5241905,17.3620995,,
Sp0130-4445,01303563-4445411,4934682372428878208,22.6487001,-44.7614414,,
Sp0130-0211,01304280-0211294,2485433257060541184,22.6785363,-2.1915204,,
Sp0132-0910,01321248-0910029,2465008007508485632,23.0520391,-9.1675232,,
Sp0132+2552,01325002+2552410,295161186352604800,23.2087503,25.8780175,,
Sp0134-3255,01341841-3255502,5015644533184833920,23.5767627,-32.9306907,,
Sp0135+1205,01353586+1205216,2586051833860608128,23.8994272,12.08942,,
Sp0141+1804,01410321+1804502,94712996769289856,25.2636446,18.0806042,,
Sp0141-2417,01411479-2417311,5038991425649132288,25.3115712,-24.2920617,,
Sp0144-0716,01443536-0716142,2467182154313027712,26.1475328,-7.2706428,,
Sp0144+5121,01443682+5121518,406123143916057216,26.1537265,51.3644298,,
Sp0148-6209,01485205-6209343,4712623767133748352,27.2175653,-62.1595225,,
Sp0151-6430,01511887-6430475,4699355032608266496,27.8298839,-64.5132051,,
Sp0151-0051,01514102-0051564,2506136919278381568,27.9210273,-0.8656641,,
Sp0151+6423,01515483+6423084,518201101498814208,27.9776496,64.3856717,,
Sp0154+4305,01540530+4305233,349186480457872128,28.5218087,43.0897875,,
Sp0155+0950,01550354+0950003,2570824594248255104,28.7648113,9.833449,,
Sp0156+0331,01565316+0331567,2512629230496996992,29.2213315,3.532456,,
Sp0157+6656,01570545+6656125,518891358563964928,29.2736918,66.9368356,,
Sp0158+1807,01581572+1807128,91196316201965184,29.5654808,18.1202508,,
Sp0200-0554,02004140-0554076,2490879035073732864,30.1725555,-5.9020649,,
Sp0202+7053,02021981+7053537,522185284946865792,30.5819037,70.8982892,,
Sp0204-3945,02041803-3945064,4958339052296792448,31.0753132,-39.751745,,
Sp0204-3632,02042212-3632308,4967945760266710016,31.0924179,-36.5418682,,
Sp0205-0653,02050448-0653255,2490502280542585216,31.2686793,-6.8904212,,
Sp0207-3721,02071403-3721502,4967628688601251200,31.8089877,-37.363974,,
Sp0207+1355,02073557+1355564,77216472530687744,31.8983432,13.9322778,,
Sp0208+2542,02081833+2542533,105449766468765952,32.0767816,25.7147747,,
Sp0210-5228,02105554-5228222,4936518694287842816,32.7311453,-52.4728512,,
Sp0211-1427,02110979-1427349,5148403312332170368,32.7907681,-14.4598068,,
Sp0212+2433,02121630+2433214,104320396228185728,33.0680754,24.5559471,,
Sp0212-1036,02121719-1036304,5151948893734911744,33.071647,-10.6084367,,
Sp0213+4444,02132880+4444453,352200138749697408,33.3698777,44.7458939,,
Sp0213-1343,02133713-1343228,5149965026866229760,33.4045959,-13.7231773,,
Sp0215-3040,02150802-3040011,4971892010576979840,33.7840486,-30.6670547,,
Sp0218-3133,02182913-3133230,4971581089304028288,34.621155,-31.5564366,,
Sp0218-0617,02185792-0617499,2487828199544312064,34.7412613,-6.2972219,,
Sp0219-1938,02192807-1938416,5131045975099845376,34.8669482,-19.6448166,,
Sp0222-2732,02224767-2732349,5116817882319879936,35.6985082,-27.543086,,
Sp0225+6229,02252626+6229583,513688675702458880,36.3609044,62.4994631,,
Sp0227-1624,02271036-1624479,5145416111038393216,36.7931333,-16.4132367,,
Sp0227-6447,02271499-6447445,4699699420265887232,36.8119879,-64.7956809,,
Sp0227+5034,02274248+5034468,451548332947464960,36.9271328,50.579644,,
Sp0228+1639,02284243+1639329,82493612948013824,37.1769166,16.6591627,,
Sp0228-6325,02284355-6325052,4700401321000355712,37.1844347,-63.4182212,,
Sp0229+4906,02290958+4906559,354582780449594240,37.2895948,49.1155357,,
Sp0230+1648,02302486+1648262,82512476444934528,37.6037795,16.8070028,,
Sp0230-0953,02304498-0953050,5175327809475722624,37.6875085,-9.8848028,,
Sp0232-2152,02321376-2152154,5126647207035088768,38.0573734,-21.8709313,,
Sp0233+3134,02330440+3134404,133239785421630080,38.2685277,31.5778696,,
Sp0233+2209,02333051+2209144,89186168428165632,38.377238,22.1539283,,
Sp0234+6012,02342146+6012286,465119669390468864,38.5905857,60.2079782,,
Sp0239-1735,02394245-1735471,5132321541732365312,39.9269029,-17.5964662,,
Sp0240+0727,02401863+0727433,18973108224425856,40.0776412,7.4620613,,
Sp0241+5444,02410186+5444373,454010341345229824,40.2577592,54.7436687,,
Sp0242-5232,02425007-5232510,4742124385662135168,40.708788,-52.5475142,,
Sp0243+4755,02430187+4755512,438189026151353216,40.7582715,47.9309092,,
Sp0244-3548,02441019-3548036,5049878716772823552,41.0425911,-35.8010471,,
Sp0246+1625,02463486+1625115,33732162042339072,41.6444899,16.4195029,,
Sp0248-1651,02484100-1651216,5156623295621846016,42.1708225,-16.8561424,,
Sp0249-2147,02495798-2147267,5079320515724161152,42.4917054,-21.7907728,,
Sp0251+0047,02511327+0047364,2499082040356574848,42.8052308,0.7934508,,
Sp0252+0056,02522628+0056223,2499091523644792832,43.1095896,0.9396152,,
Sp0253+1652,02530084+1652532,35227046884571776,43.2543788,16.88129,,
Sp0253+2713,02532028+2713332,116297651268418304,43.3349728,27.2259741,,
Sp0253-2336,02532721-2336579,5076670520902556544,43.3634939,-23.6160788,,
Sp0254-1934,02540582-1934523,5128049359237940224,43.5242651,-19.5811729,,
Sp0255-4700,02550357-4700509,4752399493622045696,43.7674256,-47.0142628,,
Sp0257-3105,02572581-3105523,5052876333365036928,44.3581018,-31.0978307,,
Sp0257+5253,02573574+5253131,441131353629184384,44.3987402,52.8869721,,
Sp0257+4111,02575455+4111324,144071108826683392,44.4778429,41.1922802,,
Sp0259-4421,02593586-4421206,4755271005677102208,44.8998369,-44.3556938,,
Sp0259+2254,02594471+2254443,109888804147448832,44.936306,22.9123165,,
Sp0304-2435,03043226-2435136,5074762692133598848,46.1343917,-24.5871226,,
Sp0306-2647,03060171-2647433,5072067381112863104,46.5071966,-26.7954758,,
Sp0306-3647,03061159-3647528,5047423236725995136,46.5481457,-36.7980146,,
Sp0307+5719,03071239+5719367,460257255316125440,46.8025047,57.3268416,,
Sp0309-3658,03091180-3658331,5046632275547349888,47.2995632,-36.9758656,,
Sp0309-1354,03093359-1354243,5156148920778713088,47.3899815,-13.9065903,,
Sp0310+0726,03100053+0726506,13533892921879936,47.5021133,7.4473617,,
Sp0311-3239,03114241-3239449,5057544756654464256,47.9268358,-32.6624562,,
Sp0314+1603,03140344+1603056,31235033696866688,48.5142992,16.051521,,
Sp0314-4623,03143304-4623400,4750974938867962880,48.6374457,-46.3944965,,
Sp0315+8122,03155850+8122453,568406902646099328,48.996896,81.3792666,,
Sp0316-2848,03164512-2848521,5058664471807949952,49.1881558,-28.8144915,,
Sp0319+4848,03195198+4848225,435616199005050240,49.9660569,48.8062388,,
Sp0320-0446,03202839-0446358,5182151481717042944,50.1181615,-4.776783,,
Sp0320+1854,03205965+1854233,56252256123908096,50.2488814,18.9063256,,
Sp0321+3847,03212992+3847294,235505877319305088,50.3744939,38.7914997,,
Sp0323-4304,03234738-4304490,4847994814111309952,50.9473184,-43.0803808,,
Sp0324-5410,03244002-5410063,4734086332891794560,51.1667977,-54.1684352,,
Sp0325-8159,03251452-8159174,4619083227718289664,51.3153313,-81.9881808,,
Sp0325+1412,03252912+1412333,41966709564899840,51.371284,14.209205,,
Sp0325-0551,03254346-0551105,5169818362867643904,51.4312091,-5.8529328,,
Sp0326-2443,03260478-2443343,5086024581717191808,51.5200072,-24.7262601,,
Sp0326-4236,03263278-4236083,4849342467474991488,51.6369952,-42.6023164,,
Sp0326+1919,03264453+1919309,57744155965790720,51.6857348,19.3252417,,
Sp0328+1129,03283463+1129515,16386404041502592,52.1443971,11.4976922,,
Sp0329+3304,03290655+3304103,124843738541698944,52.2774032,33.0695566,,
Sp0330-0025,03303511-0025346,3264130653394056320,52.6464404,-0.4263746,,
Sp0330+3146,03305571+3146272,121447763732821120,52.7323957,31.7742518,,
Sp0331-3042,03313025-3042383,5055805741577757824,52.8761044,-30.7107841,,
Sp0332-2317,03320043-2317496,5086590967645571584,53.0018378,-23.2970701,,
Sp0334+3740,03343339+3740019,222804628232689792,53.63887,37.6672275,,
Sp0335+0658,03354535+0658058,3277801633082032384,53.9389593,6.9683192,,
Sp0338-5435,03382469-5435280,4732291624973484928,54.6026649,-54.5911291,,
Sp0339-3525,03393521-3525440,4860376345833699840,54.8971877,-35.4287857,,
Sp0340-3649,03401326-3649082,4859959115530290304,55.0552454,-36.8189228,,
Sp0341+4741,03414128+4741437,248555912114736512,55.4225593,47.6954547,,
Sp0342+4629,03421129+4629365,247887099802005504,55.5477547,46.4934841,,
Sp0344+0111,03440892+0111251,3269943938874146688,56.0371406,1.1903009,,
Sp0345+2540,03454316+2540233,69927191475070080,56.4297907,25.6731242,,
Sp0346-0218,03461215-0218271,3250289726147347968,56.5507428,-2.3077989,,
Sp0346+6236,03464439+6236051,487032317657766144,56.6849731,62.6013965,,
Sp0347-1814,03470104-1814004,5107303911284277504,56.7542668,-18.2334139,,
Sp0348+1126,03480667+1126178,36685828231324160,57.0277362,11.4383436,,
Sp0351-0052,03510004-0052452,3257243312560240000,57.750114,-0.8791442,,
Sp0351-1751,03512352-1751113,5107660526713822976,57.8479978,-17.853174,,
Sp0352+0210,03521086+0210479,3270388416449237760,58.0452588,2.1800005,,
Sp0352-5955,03524285-5955241,4680959790759112320,58.1791694,-59.9233634,,
Sp0354+2316,03540135+2316339,65638443294980224,58.5058555,23.2760573,,
Sp0355+1439,03552014+1439297,39612036694609152,58.834112,14.6582216,,
Sp0355+0237,03554834+0237559,3271885195372201728,58.9513925,2.6322033,,
Sp0356+4047,03563188+4047192,230134866095693184,59.1327813,40.7886818,,
Sp0357+1529,03570493+1529270,40091256260676736,59.2706897,15.4906571,,
Sp0357-1249,03574089-1249503,5111481883672140800,59.4204144,-12.8305486,,
Sp0358+3003,03582988+3003551,167563995820376448,59.6247201,30.0652617,,
Sp0358+2710,03585048+2710338,163571119344300928,59.7104482,27.1760663,,
Sp0400-1913,04000875-1913505,5094485220612594432,60.0364429,-19.2308859,,
Sp0401+4327,04010677+4327519,231618966280159360,60.2781051,43.4644436,,
Sp0401+2849,04013766+2849529,167202325215063168,60.4063552,28.8313088,,
Sp0403+2616,04030752+2616126,163267138742006912,60.7818561,26.2698854,,
Sp0404+4127,04041807+4127398,230409022449384576,61.0752207,41.4610203,,
Sp0407-1552,04070400-1552386,5097649408917399680,61.7667042,-15.8773949,,
Sp0408+0742,04081032+0742494,3298378207219150208,62.0430548,7.7137385,,
Sp0408-1450,04082905-1450334,5098050661942146816,62.1211333,-14.8426679,,
Sp0410-1459,04103617-1459269,3176447590378019072,62.6508244,-14.9908017,,
Sp0410+1304,04103976+1304156,3305248917940526208,62.6656993,13.0710283,,
Sp0413+3709,04134574+3709087,177700805837431296,63.4411614,37.1525031,,
Sp0416-5935,04160640-5935386,4678628654309752576,64.0271978,-59.5940445,,
Sp0417+1634,04172478+1634364,3312361070249018496,64.3533413,16.5767537,,
Sp0417-0800,04173745-0800007,3192982561632526208,64.4062433,-8.0001664,,
Sp0417-2129,04174743-2129191,5091393840591018240,64.4477185,-21.4886372,,
Sp0419+4233,04195212+4233304,229155579195699456,64.9680305,42.5584518,,
Sp0422-3606,04222058-3606079,4869246209213679872,65.5860133,-36.1021773,,
Sp0423-0414,04234858-0414035,3203124697405667712,65.9524286,-4.23423,,
Sp0424+2402,04245748+2402016,149242249454230144,66.2395202,24.0337906,,
Sp0426+0336,04261992+0336359,3280675417175220224,66.5830844,3.6100484,,
Sp0427+0859,04270723+0859027,3299496547982121216,66.7801872,8.9840818,,
Sp0429-4405,04290233-4405463,4791186965315184640,67.2601954,-44.0961953,,
Sp0429-6649,04291099-6649434,4656710057512911488,67.2977915,-66.8287509,,
Sp0430-0849,04305157-0849007,3197623290976364544,67.7149186,-8.8169246,,
Sp0431+6035,04313070+6035588,471567278594453376,67.8783902,60.5996956,,
Sp0432-0639,04323767-0639501,3198539905714619264,68.1570202,-6.6639865,,
Sp0433+5635,04333002+5635320,277483990023898240,68.3754491,56.592321,,
Sp0433-3210,04335783-3210308,4871706606997689216,68.4910672,-32.1752132,,
Sp0436+4810,04363863+4810044,257502810028612992,69.1607945,48.1679355,,
Sp0436-2338,04365479-2338202,4894826415951734144,69.2284332,-23.6389884,,
Sp0439-2353,04390101-2353083,4894945708668731264,69.7541429,-23.885692,,
Sp0439-6105,04392328-6105004,4677650123320081152,69.8472314,-61.0834345,,
Sp0440-0530,04402325-0530082,3200303384927512960,70.0969905,-5.5022581,,
Sp0442-1356,04420071-1356232,3174528461551365888,70.5030622,-13.9397691,,
Sp0443-3202,04430581-3202090,4877448669035035520,70.7742406,-32.0357489,,
Sp0444-3655,04443824-3655452,4866394831963983744,71.1594043,-36.9291996,,
Sp0445-0602,04451119-0602526,3199991535942307584,71.2966526,-6.047983,,
Sp0445+0938,04452766+0938322,3293037741802934528,71.3652854,9.6422999,,
Sp0445-3642,04453237-3642258,4866773609425146496,71.3852704,-36.7071335,,
Sp0445-3048,04455387-3048204,4878035808244168832,71.4746823,-30.805733,,
Sp0447+1436,04473568+1436274,3308694237625985280,71.8984172,14.6076079,,
Sp0447+2819,04474757+2819165,154788598418435328,71.9483171,28.3210309,,
Sp0448-4636,04480936-4636030,4787127426650318848,72.0390195,-46.6008912,,
Sp0449+5138,04490464+5138412,260343119139306240,72.2692667,51.6447476,,
Sp0449-0228,04490580-0228233,3225923960064578176,72.2742115,-2.4731158,,
Sp0451-3402,04510093-3402150,4873243032763432064,72.7540265,-34.0374764,,
Sp0451+0305,04511406+0305285,3233120164884973824,72.8085978,3.091247,,
Sp0451-5818,04513734-5818519,4774420478143249536,72.9048962,-58.3144561,,
Sp0453-1751,04532647-1751543,2979566285233332608,73.3603418,-17.8650882,,
Sp0453+2033,04533425+2033517,3411692668689199744,73.3927888,20.5643125,,
Sp0454-4945,04540041-4945228,4785448614130284416,73.5022966,-49.7563674,,
Sp0455+5252,04551182+5252292,261069144711056384,73.798902,52.8747787,,
Sp0455-2701,04553267-2701493,4880607531583589632,73.8861977,-27.0304073,,
Sp0456-0932,04560282-0932592,3183260095703769088,74.011797,-9.5497927,,
Sp0457+3622,04571381+3622047,186276481137022208,74.3075669,36.3679807,,
Sp0500+0330,05002100+0330501,3238449635184620672,75.0875533,3.5139106,,
Sp0500+0442,05004808+0442143,3239389064789380992,75.2003902,4.7039981,,
Sp0503-2705,05034922-2705385,2958868635970761472,75.9549969,-27.0941447,,
Sp0505+0836,05053287+0836256,3290144853694962304,76.3870082,8.6071134,,
Sp0506-4956,05064372-4956343,4773243481010018560,76.68248,-49.9428667,,
Sp0508-1647,05084947-1647167,2982936979862487680,77.2060484,-16.7881117,,
Sp0508+3319,05085506+3319272,181724125038647040,77.2292291,33.324193,,
Sp0510+2714,05102012+2714032,3421840993510952192,77.5835881,27.2338531,,
Sp0511-4606,05110163-4606015,4798435044748833280,77.7568786,-46.1003873,,
Sp0511-4618,05114207-4618008,4798428211455368320,77.9258169,-46.3001958,,
Sp0512-2617,05123957-2617137,2956345699166180608,78.164918,-26.2871559,,
Sp0515+6424,05150962+6424544,478476094265728896,78.7909034,64.415003,,
Sp0516+5640,05165345+5640195,279844370905734144,79.2233092,56.6720048,,
Sp0517-3349,05173766-3349027,4825880783419986432,79.4074682,-33.8175201,,
Sp0517-2816,05175844-2816084,2954622425142243840,79.4937583,-28.2690598,,
Sp0518+2435,05182746+2435540,3417442500322067712,79.6142882,24.5978987,,
Sp0520+7626,05200951+7626523,503816916707209984,80.0396265,76.4479438,,
Sp0522-0002,05220707-0002384,3221419123485965824,80.5294971,-0.0440424,,
Sp0522+3534,05220819+3534089,183740006593245568,80.5341852,35.5690741,,
Sp0522+5754,05220976+5754046,280225450466067968,80.5405162,57.9012715,,
Sp0522+0518,05224982+0518541,3237429357111143296,80.707643,5.3150507,,
Sp0523-1403,05233822-1403022,2985035874544160384,80.9092803,-14.050558,,
Sp0523+4623,05234758+4623232,209212907873065344,80.9479985,46.3897876,,
Sp0525+2102,05251524+2102394,3402351217901366528,81.3137239,21.0443275,,
Sp0526-5026,05265973-5026216,4796425760263724800,81.7490053,-50.4393487,,
Sp0528+4712,05283610+4712028,209364885290255616,82.1502125,47.2007759,,
Sp0529-2002,05295732-2002585,2968530216441919488,82.4888254,-20.049655,,
Sp0530+1503,05302948+1503368,3390022703255507328,82.6229445,15.0601578,,
Sp0531+0215,05312762+0215496,3223589696879068416,82.8651072,2.2637921,,
Sp0532-8157,05320626-8157370,4621347706273795584,83.0310815,-81.9602958,,
Sp0532+0418,05325710+0418471,3236465703888892032,83.2379526,4.3130975,,
Sp0533+3740,05331650+3740280,190314025273114752,83.3189795,37.6742066,,
Sp0533+0323,05333241+0323174,3224368700870633856,83.385032,3.3881897,,
Sp0533+5054,05335379+5054170,215350076836032384,83.4736931,50.9047852,,
Sp0534-1511,05345844-1511439,2972230554107163264,83.743519,-15.1955246,,
Sp0535-0931,05352131-0931067,3013672487388307456,83.8387525,-9.5184787,,
Sp0537-0816,05372332-0816055,3015584160150844416,84.3471777,-8.2684425,,
Sp0539-4708,05390417-4708060,4795695444025222272,84.7675009,-47.1350207,,
Sp0539+4038,05392474+4038437,191109281417914880,84.8542398,40.6452329,,
Sp0539+4712,05392637+4712565,210582521403691520,84.8599184,47.215688,,
Sp0539+5253,05394952+5253597,263696736978069120,84.9563542,52.8999444,,
Sp0539-0059,05395200-0059019,3217523558083415040,84.966682,-0.9837428,,
Sp0544-2433,05441150-2433018,2915187925218983296,86.0480911,-24.5506977,,
Sp0544-1109,05441848-1109112,3009506437830715136,86.0770894,-11.1530458,,
Sp0544-1309,05443931-1309384,2996961766070000768,86.1638269,-13.1606618,,
Sp0544+0639,05445543+0639438,3333278694852547328,86.2309856,6.6621523,,
Sp0552-6452,05522762-6452213,4756028878427600384,88.1144908,-64.8725564,,
Sp0552-0002,05523129-0002124,3218721677865937664,88.130442,-0.0367879,,
Sp0555-5402,05551490-5402520,4767876769050721920,88.8123696,-54.047793,,
Sp0555+1608,05552505+1608416,3349592221888644352,88.8543675,16.144855,,
Sp0556+0802,05560844+0802376,3323397147633734016,89.0351758,8.0437884,,
Sp0556-3832,05564696-3832479,2883680659313632896,89.1957308,-38.5466302,,
Sp0557+1708,05571910+1708279,3349802297332186496,89.3297085,17.1409934,,
Sp0601+1115,06012014+1115193,3342133409883692800,90.3339111,11.2553498,,
Sp0602+3910,06023045+3910592,3457493517036545280,90.6271444,39.1829407,,
Sp0603-8127,06034353-8127303,5207639982316987648,90.9342057,-81.4584324,,
Sp0604+3322,06042311+3322279,3450819618893754240,91.0963529,33.3743844,,
Sp0604+2219,06044179+2219292,3423743487932697472,91.174215,22.3247725,,
Sp0604+2906,06044567+2906390,3437445537412996480,91.1903217,29.1106307,,
Sp0605-2342,06050196-2342270,2913249451860183168,91.2581251,-23.7074695,,
Sp0607+2429,06073908+2429574,3426333598021539840,91.9123904,24.4991161,,
Sp0607+4550,06074202+4550435,963292964707774080,91.9253592,45.8452651,,
Sp0608+1041,06082257+1041482,3330163748346394368,92.0940419,10.6967398,,
Sp0609-3739,06094001-3739296,2884660122311937536,92.4168238,-37.6582462,,
Sp0610-3346,06104503-3346226,2886691573123995520,92.6882503,-33.7728929,,
Sp0611+6818,06110330+6818333,1105505379196318080,92.7640802,68.3092292,,
Sp0611-5109,06112737-5109134,5549762268067194112,92.8643953,-51.153735,,
Sp0611+3325,06115582+3325383,3452063166545021824,92.9826922,33.4273118,,
Sp0614-2019,06141196-2019181,2941124270643891072,93.549918,-20.3217899,,
Sp0614+3833,06142970+3833415,956200977271782144,93.6238517,38.5615297,,
Sp0614+4536,06145280+4536556,962577285717437952,93.720066,45.6154407,,
Sp0615-0100,06154934-0100415,3121200807575320448,93.9556458,-1.011572,,
Sp0616-4557,06160532-4557080,5567054149998654848,94.022085,-45.9522473,,
Sp0616+5729,06163713+5729448,998487713438184832,94.1547588,57.4957882,,
Sp0619-5249,06193544-5249367,5500909385897323264,94.8978269,-52.8268765,,
Sp0621+1555,06214915+1555399,3369132776897491712,95.454762,15.9277427,,
Sp0622-2211,06221907-2211437,2936906161789886208,95.5795542,-22.1955559,,
Sp0622-1548,06223478-1548262,2944930573740707456,95.6449812,-15.8072403,,
Sp0623-6838,06231578-6838186,5279817796789375616,95.8161496,-68.6385024,,
Sp0623+2631,06231714+2631320,3432218798435750016,95.8214235,26.5255036,,
Sp0623+5137,06235243+5137023,971347127898766848,95.9694772,51.6173019,,
Sp0624+6626,06244172+6626309,1104317391237838464,96.1763034,66.4419754,,
Sp0624-4521,06244595-4521548,5556620540565785600,96.1913708,-45.3652025,,
Sp0625-1034,06251123-1034488,3001340395034929152,96.2968159,-10.5802718,,
Sp0626+0041,06262963+0041192,3120389196196563200,96.6234708,0.6886808,,
Sp0626+3454,06265189+3454342,942457013204227584,96.7162225,34.9094413,,
Sp0630-1840,06300140-1840143,2940211607277084672,97.5061606,-18.6707849,,
Sp0632+8305,06320617+8305014,1143789235905336576,98.0262431,83.083685,,
Sp0632-1009,06320891-1009269,3002163349423052544,98.037181,-10.1575608,,
Sp0640-2352,06402517-2352194,2923887295576778496,100.1050425,-23.8720662,,
Sp0641-4322,06411840-4322329,5557113083119380224,100.3270973,-43.3756919,,
Sp0643-1843,06431685-1843375,2945455521833759744,100.8203058,-18.7270475,,
Sp0643-0223,06433670-0223130,3106548406384807680,100.9029086,-2.3869863,,
Sp0644-2841,06441439-2841417,2918659736262929024,101.0601932,-28.6949303,,
Sp0644-8422,06443598-8422531,5193899140691016960,101.1479259,-84.3814254,,
Sp0648-6537,06484352-6537214,5285057661182230528,102.1813938,-65.6226779,,
Sp0652-2534,06521977-2534505,2920995300823950720,103.0822361,-25.580685,,
Sp0652+4710,06523073+4710348,954697944875755136,103.127759,47.1763705,,
Sp0652-1614,06525508-1614191,2946390896983338112,103.2295191,-16.238649,,
Sp0655+8318,06555943+8318155,1149624107892024448,103.992253,83.304208,,
Sp0656+6841,06560959+6841021,1103299758870807936,104.0401255,68.6839254,,
Sp0659+1717,06595849+1717162,3361210791323909504,104.9937788,17.287722,,
Sp0700+3157,07003664+3157266,890663968222557440,105.1530571,31.9570844,,
Sp0703+0711,07030328+0711008,3153877399801800576,105.7636944,7.1835745,,
Sp0703-3216,07032405-3216013,5604064845263049344,105.8504411,-32.2672056,,
Sp0703-2748,07032457-2748098,5610424179998567680,105.8523658,-27.8026754,,
Sp0703+4632,07032698+4632169,977653372545774336,105.8622839,46.53799,,
Sp0703-6134,07033826-6134152,5287064510419675776,105.909473,-61.5709329,,
Sp0704+3038,07040594+3038421,888240090541738624,106.0247903,30.6450235,,
Sp0704+0258,07044706+0258139,3116021729853781376,106.1960835,2.9705676,,
Sp0705+4742,07051713+4742529,977817513311105664,106.3218183,47.714662,,
Sp0706+2234,07062160+2235006,3368207228624546816,106.5899596,22.5833124,,
Sp0706+3858,07062855+3858247,947463811200288512,106.6189368,38.9735715,,
Sp0707-4900,07075327-4900503,5508545421138819968,106.9719759,-49.0139736,,
Sp0710-7431,07105337-7431070,5262552028253813504,107.7223187,-74.5186475,,
Sp0711-3001,07111405-3001156,5606193224898464128,107.808651,-30.02101,,
Sp0713+4732,07132561+4732531,977910937439738240,108.356822,47.5479523,,
Sp0714+3702,07140394+3702459,898275195732381440,108.5163288,37.0461181,,
Sp0715-1145,07155182-1145284,3045251148530763392,108.9662046,-11.757999,,
Sp0715-6544,07155720-6544406,5281455523646946048,108.988444,-65.744652,,
Sp0716-0630,07164790-0630369,3058039362114874496,109.1995994,-6.5102619,,
Sp0719-5051,07193188-5051410,5504230937511573504,109.8833012,-50.8614144,,
Sp0721+1937,07214625+1937444,3362890608868094208,110.4427212,19.6289974,,
Sp0721-3105,07215519-3105148,5604989328392927232,110.4800428,-31.087531,,
Sp0722+0243,07220145+0243544,3136033356873855488,110.5060646,2.7317743,,
Sp0723-1616,07230144-1616209,3028064269960442624,110.7559338,-16.272373,,
Sp0723+5727,07231462+5727081,989476558517917952,110.8111639,57.4521862,,
Sp0723-1439,07235195-1439487,3031622942429594752,110.9666696,-14.6627015,,
Sp0723-3309,07235265-3309446,5592471388502461184,110.9693964,-33.1623819,,
Sp0723-8015,07235966-8015179,5207997014358306816,110.9896373,-80.2550106,,
Sp0726+6302,07265213+6302073,1089040261285612800,111.7158592,63.0352644,,
Sp0729-2608,07293904-2608578,5613310741626546688,112.4126713,-26.1494306,,
Sp0730+1553,07304899+1553122,3168525815256214784,112.7040945,15.8866782,,
Sp0733-2010,07333820-2010585,5716282646967277184,113.4092271,-20.1829395,,
Sp0734-4330,07340889-4330256,5535283658436274944,113.5370227,-43.5071328,,
Sp0735+6137,07350070+6137555,1086480151539160960,113.7532069,61.6320511,,
Sp0737+2313,07370638+2313282,867302197990617600,114.2769995,23.2243675,,
Sp0739-4926,07390794-4926533,5494175873610005376,114.7836948,-49.4481473,,
Sp0740+1502,07400014+1502004,3165545588990827264,115.0005834,15.033602,,
Sp0740-1724,07401922-1724449,5717278911884264576,115.0809536,-17.4127531,,
Sp0741-0359,07410404-0359495,3057492217642259200,115.2668342,-3.9971388,,
Sp0741+1738,07410681+1738459,671143035762692352,115.278247,17.6457904,,
Sp0741+0531,07415784+0531568,3138513408427398016,115.491013,5.5324528,,
Sp0741-0706,07415874-0706171,3043684378825475968,115.4946883,-7.1047466,,
Sp0743-2836,07434593-2836271,5599886975960760704,115.9411986,-28.6076261,,
Sp0748+0228,07481186+0228194,3088582283305871232,117.0494299,2.4720403,,
Sp0750+6131,07504576+6131197,1087773413437321216,117.6910267,61.5221512,,
Sp0751-2530,07511645-2530432,5602408602804816768,117.8179042,-25.5119562,,
Sp0753+0854,07535284+0854021,3145665903366297472,118.470118,8.900645,,
Sp0754+1603,07540541+1603171,666802644893645440,118.5222691,16.0545929,,
Sp0755-2404,07552745-2404374,5698599996038907520,118.8644041,-24.0771776,,
Sp0757-3635,07574822-3635104,5545089511154751104,119.4509983,-36.5862569,,
Sp0758-1252,07583106-1252121,3036005939371283584,119.6294732,-12.8701029,,
Sp0758-3945,07583247-3945317,5537753986185229440,119.6353728,-39.7588501,,
Sp0759+0323,07592947+0323564,3094326750525827328,119.8728216,3.3990005,,
Sp0800+5511,08002758+5511346,1080925998616880768,120.1149184,55.1929213,,
Sp0804+6153,08040580+6153336,1085037832803001344,121.0238794,61.8924634,,
Sp0804+0151,08041229+0151268,3084885759576678528,121.0512341,1.8574513,,
Sp0804+0330,08041429+0330474,3094203051171389824,121.0595549,3.5131712,,
Sp0805-3158,08051104-3158115,5595785866305529216,121.2957413,-31.9698512,,
Sp0805+4812,08053189+4812330,933054951834436352,121.381705,48.2091393,,
Sp0805-0835,08055395-0835024,3039533477615075456,121.4748186,-8.5839715,,
Sp0806-2839,08062638-2839222,5597587141239788672,121.6104506,-28.6563485,,
Sp0807+3213,08072607+3213101,901941452829250560,121.8583254,32.2194641,,
Sp0807-3056,08072925-3056330,5595984980999231616,121.8719037,-30.9425676,,
Sp0808+3157,08080189+3157054,901922932930351872,122.0078596,31.951414,,
Sp0809-3720,08094064-3720019,5541111516746730752,122.4191424,-37.3338978,,
Sp0810-4115,08101779-4115450,5533697234964804096,122.5741354,-41.2625411,,
Sp0810+0324,08104340+0324127,3091512065183574272,122.6808682,3.4035559,,
Sp0810+1420,08105865+1420390,653799751664331520,122.7443608,14.3441054,,
Sp0811+1855,08111040+1855280,669399515262792320,122.793212,18.9244693,,
Sp0811-3324,08115605-3324357,5547451060267538304,122.9834828,-33.4099077,,
Sp0812-2444,08123170-2444423,5697787766170389888,123.1322103,-24.7451313,,
Sp0813-5232,08131950-5232031,5320834841834013568,123.3310191,-52.534163,,
Sp0814-3602,08145375-3602491,5541664742899490176,123.72411,-36.0470492,,
Sp0815-0843,08154844-0843574,3062563886824652800,123.9517759,-8.7326203,,
Sp0818+2333,08185804+2333522,677439114220735616,124.741627,23.5643307,,
Sp0819-0450,08194351-0450071,3066152486619261056,124.9313057,-4.8353331,,
Sp0819+1658,08194602+1658539,656167618671591424,124.9416733,16.9816037,,
Sp0819-0511,08195679-0511369,3065948797794468352,124.98665,-5.1936298,,
Sp0821+4532,08215010+4532019,930068265936597632,125.4578995,45.5336673,,
Sp0823+6125,08230838+6125208,1089980859123284864,125.7825132,61.422376,,
Sp0823+1034,08234470+1034518,600976189407617920,125.9362549,10.5811025,,
Sp0823+2428,08234818+2428577,679088656539598592,125.9506712,24.4827074,,
Sp0825+2115,08251968+2115521,664214600677732864,126.331578,21.2643237,,
Sp0826-3040,08261012-3040191,5643514699699713920,126.5421007,-30.6720001,,
Sp0827-5216,08270052-5216277,5321416174249027584,126.7524495,-52.2743052,,
Sp0827+4502,08272028+4502043,917948826005206656,126.8339299,45.0343595,,
Sp0828-1506,08283414-1506525,5722292856694743424,127.1422612,-15.1146384,,
Sp0828-1309,08283419-1309198,5723739672264914176,127.142313,-13.1555117,,
Sp0829+1456,08290664+1456225,651750158907764224,127.2776276,14.9394568,,
Sp0829-0238,08293244-0238543,3072877335956146944,127.3852518,-2.6485051,,
Sp0829+2646,08294949+2646348,703790044252850688,127.4550608,26.7760075,,
Sp0830-0050,08301750-0050336,3076592967999683200,127.5729235,-0.8426651,,
Sp0830+0947,08303256+0947153,599891555546067072,127.6356783,9.787621,,
Sp0831-2535,08313733-2535189,5695386260975296256,127.9055227,-25.5886006,,
Sp0831+1025,08315598+1025417,600076960693274496,127.9832801,10.4282682,,
Sp0832-0128,08320451-0128360,3073123351683582720,128.0188274,-1.4766771,,
Sp0832-0134,08323047-0134380,3073118648694573312,128.1270126,-1.5773738,,
Sp0833-5336,08334323-5336417,5321049521489667328,128.4292204,-53.6114546,,
Sp0833-5217,08335956-5217250,5321275024453205632,128.4975888,-52.2901803,,
Sp0835+1029,08352366+1029318,601522985987464576,128.8486043,10.4922459,,
Sp0835-0819,08354256-0819237,5753687109122994048,128.9271935,-8.3231637,,
Sp0840+1824,08402975+1824091,659464504288593536,130.1234773,18.4024241,,
Sp0840+4827,08404912+4827404,1014865626328245888,130.2045856,48.4611995,,
Sp0840+5911,08405411+5911041,1040681747033185152,130.224771,59.184505,,
Sp0841+3611,08410779+3611321,717602487277224320,130.2826029,36.1920448,,
Sp0843+1024,08433323+1024470,598390790892369920,130.8884833,10.4130985,,
Sp0844+0434,08440350+0434356,582212198844172928,131.0146278,4.5765549,,
Sp0844-2924,08441409-2924121,5642349874502561024,131.0587798,-29.4034562,,
Sp0847-1532,08472872-1532372,5733429157137237760,131.8697787,-15.5437159,,
Sp0848-5656,08485749-5656017,5304517397788265216,132.2395415,-56.93385,,
Sp0849+0220,08490052+0220155,577960765337401856,132.2521553,2.3376697,,
Sp0850-0318,08500913-0318305,5762038930728469888,132.5380014,-3.3084751,,
Sp0850+3126,08505049+3126300,706729107552444672,132.7104399,31.4416845,,
Sp0851+7727,08513558+7727182,1125848440251239424,132.8945751,77.4550687,,
Sp0853-0329,08533619-0329321,5761985432616501376,133.4006657,-3.4922782,,
Sp0853-2446,08535631-2446565,5652718166073269888,133.4850684,-24.7823436,,
Sp0855-2512,08555116-2512351,5652642883884415488,133.9631229,-25.2098571,,
Sp0857+5708,08575849+5708514,1037131492704550656,134.4921911,57.1476333,,
Sp0859+6341,08593854+6341355,1044279864474742272,134.9100813,63.6931719,,
Sp0859+1145,08594029+1145325,604031766579902976,134.9179132,11.7590473,,
Sp0900+2150,09002359+2150054,685103912857072640,135.0979406,21.834694,,
Sp0901-6940,09015438-6940284,5222467957473239552,135.4746376,-69.674602,,
Sp0902+0033,09020690+0033195,576506489410890752,135.5287932,0.5553993,,
Sp0902+6939,09021656+6939575,1117840314812941312,135.5705508,69.6660105,,
Sp0906-0611,09061182-0611397,5756707978666319744,136.5492961,-6.1943872,,
Sp0906-3332,09062502-3332016,5627865354993448960,136.6043601,-33.5337884,,
Sp0906-3449,09062837-3449259,5624353446139278848,136.6179494,-34.8238029,,
Sp0906-3548,09064219-3548217,5624087604843625472,136.6756467,-35.8060076,,
Sp0907-4308,09071993-4308473,5427222624865580288,136.8334431,-43.1465815,,
Sp0908+0836,09080457+0836459,590376897314063744,137.0190476,8.6127696,,
Sp0908+1459,09083716+1459120,607139879792423680,137.1548363,14.9867263,,
Sp0908+5032,09083803+5032088,1016186483389930752,137.1573544,50.5356161,,
Sp0909+1940,09094822+1940428,636342839906737792,137.4508116,19.6786268,,
Sp0911+7401,09111297+7401081,1123855296251645824,137.8018695,74.0189259,,
Sp0912+2425,09124523+2425493,687715630930635776,138.188748,24.4301966,,
Sp0913-0733,09130443-0733042,5745767739185914240,138.2684428,-7.5512756,,
Sp0914-6514,09141473-6514439,5248689458672718080,138.5619095,-65.2455422,,
Sp0916+2139,09161504+2139512,638510247908168576,139.0624596,21.6641961,,
Sp0916-1121,09165708-1120597,5739240415392701440,139.237891,-11.3500558,,
Sp0919+0016,09194267+0016047,3842388385654733568,139.9277818,0.2680236,,
Sp0921-2104,09211410-2104446,5676353096222033792,140.3088585,-21.0790062,,
Sp0921+6017,09212533+6017473,1039003544395162752,140.3562487,60.2964365,,
Sp0922-8010,09221952-8010399,5196015013380778624,140.5819612,-80.1777518,,
Sp0923-2727,09233028-2727207,5637175400984142336,140.8763472,-27.4557775,,
Sp0924-6655,09241354-6655302,5247231368807380224,141.0548154,-66.9250681,,
Sp0925+1704,09253485+1704415,631456507154111616,141.3950106,17.0782145,,
Sp0925+3007,09255469+3007571,697274883805771776,141.4782567,30.1324808,,
Sp0926+5309,09261233+5309390,1019903176290266880,141.550145,53.1608638,,
Sp0928+4230,09282562+4230545,814482174787733248,142.1060355,42.5150921,,
Sp0931+2802,09311309+2802289,696088343256278272,142.804965,28.0412537,,
Sp0931-1717,09312228-1717425,5682008056323530368,142.8429276,-17.2950902,,
Sp0931+3638,09312601+3638214,799110692993962368,142.8583584,36.6392989,,
Sp0931+0528,09312823+0528223,3852362605385919616,142.8676368,5.4728644,,
Sp0933-1602,09334975-1602522,5688160373636499840,143.4571348,-16.0484269,,
Sp0936-3346,09365490-3346212,5437808478004461056,144.2284267,-33.7725689,,
Sp0936-2609,09365564-2609422,5661194163772723072,144.2318991,-26.1617521,,
Sp0938-2748,09384022-2748184,5657734928392398976,144.6674203,-27.8051267,,
Sp0939+3950,09391458+3950218,801063150766338048,144.8107245,39.8393659,,
Sp0939+2943,09392335+2943271,696501553469122304,144.8468649,29.7241988,,
Sp0941+3315,09411179+3315130,794031395948224640,145.2994307,33.2536173,,
Sp0942-5047,09424780-5047392,5408858787836220800,145.6989802,-50.7942291,,
Sp0942+2351,09425716+2351200,641710410860420864,145.7380557,23.8554126,,
Sp0943-3833,09432994-3833560,5432670704985289088,145.874675,-38.5655861,,
Sp0943-0229,09434389-0229570,3827116478382551936,145.9327893,-2.4991822,,
Sp0944-3124,09440396-3124361,5440115876171568000,146.0164062,-31.4099751,,
Sp0944+6537,09440552+6537567,1065017822005186432,146.0220539,65.6323884,,
Sp0947+0224,09474477+0224327,3847024132835801344,146.9365869,2.4091382,,
Sp0949+0806,09492223+0806450,3853943806185777664,147.3426364,8.1125303,,
Sp0952-0955,09521947-0955052,3770802001068945536,148.0812023,-9.9182077,,
Sp0956-3811,09560352-3811412,5433620854830342272,149.0146605,-38.1948533,,
Sp0956-1910,09564583-1910227,5671734597630043776,149.1909898,-19.1730083,,
Sp0957+2627,09570563+2627317,643915176487425920,149.2735916,26.4588452,,
Sp1000-0949,10001272-0949214,3770393876095976960,150.0531035,-9.8226744,,
Sp1002+6349,10021216+6349262,1065113754394291584,150.5480317,63.8239373,,
Sp1002+2556,10023717+2556435,738963421223127168,150.6544223,25.9453586,,
Sp1003-0105,10031918-0105079,3830128624846458752,150.8298296,-1.085558,,
Sp1004-3335,10043929-3335189,5458784415378809728,151.1641362,-33.5886424,,
Sp1004-1318,10044030-1318186,3765325471089276288,151.1678923,-13.3052799,,
Sp1005-1202,10051671-1202100,3766333787676996736,151.3196098,-12.0361363,,
Sp1006-1653,10063197-1653266,5673602319993218560,151.6330507,-16.8906416,,
Sp1011+4245,10110024+4245035,808448501651533312,152.7507784,42.750937,,
Sp1011+2019,10113950+2019031,625400392813472000,152.9145548,20.3174472,,
Sp1012-3049,10120649-3049263,5461814875584141056,153.026923,-30.8239838,,
Sp1013-7842,10132597-7842551,5202336655483914624,153.3584522,-78.715316,,
Sp1013+3520,10132796+3520536,753347537280600832,153.3665257,35.3481592,,
Sp1016+2751,10163470+2751497,740931340878555904,154.1443543,27.8635625,,
Sp1017+0719,10172680+0719260,3873864513044635648,154.3616502,7.3238595,,
Sp1018-2909,10185879-2909535,5462412288353490944,154.7446697,-29.1649037,,
Sp1019-2707,10192447-2707171,5471876437768940416,154.851501,-27.1214106,,
Sp1019+7419,10193283+7419511,1126534535505719040,154.8833604,74.3308703,,
Sp1021+5055,10212742+5055043,847228998317017472,155.3631035,50.9178884,,
Sp1021-2044,10213232-2044069,5668026421651069184,155.3845507,-20.7353017,,
Sp1022+0200,10220489+0200477,3856498658891737728,155.5203731,2.01328,,
Sp1022+4114,10221489+4114266,804745827527463808,155.5618008,41.2406971,,
Sp1022+5825,10224821+5825453,1047188004010109440,155.6977494,58.4292765,,
Sp1028-6327,10280776-6327128,5252090488660292480,157.0326449,-63.4535704,,
Sp1029+1626,10292165+1626526,3889368043607829376,157.3404923,16.4477467,,
Sp1032-4208,10321367-4208568,5392287051645815168,158.0571516,-42.1491525,,
Sp1032+0501,10321706+0501032,3858864567396887936,158.0711192,5.017532,,
Sp1032+4027,10324649+4027588,756294988652473216,158.193492,40.4663487,,
Sp1033+1303,10331665+1303441,3883961293962619776,158.3194085,13.0622936,,
Sp1035+2507,10352455+2507450,724407502179323392,158.8520794,25.1290498,,
Sp1035-4816,10353108-4816462,5364671030411595904,158.8791657,-48.2795224,,
Sp1036-4437,10364994-4437246,5366988835279331712,159.2076872,-44.6234913,,
Sp1036-3441,10365305-3441380,5444217638657849856,159.2210465,-34.6939952,,
Sp1037+3011,10372897+3011117,735453264711448064,159.369758,30.1863302,,
Sp1039-0121,10393241-0121137,3805863193495442560,159.8849883,-1.3538098,,
Sp1039+1512,10394740+1512519,3886142248290633344,159.9474529,15.2144349,,
Sp1045-2607,10451718-2607249,5469802724480366848,161.3214538,-26.1236447,,
Sp1045-0149,10452400-0149576,3802665122192531712,161.3499229,-1.8327129,,
Sp1046+4441,10461875+4441149,781364918917080192,161.5779679,44.6874422,,
Sp1046-5658,10465228-5658327,5351297052033256064,161.7185506,-56.9757333,,
Sp1046-1602,10465689-1602036,3557260144122276608,161.7369032,-16.0343313,,
Sp1047-1815,10473109-1815574,3555963059703156224,161.8793328,-18.2659587,,
Sp1047+7613,10474097+7613017,1128248124378601472,161.9218245,76.2171371,,
Sp1048-1120,10481258-1120082,3757613049856225792,162.052609,-11.3360026,,
Sp1048-3956,10481463-3956062,5393446658454453632,162.0591783,-39.9352344,,
Sp1048-1925,10481885-1925333,3554140967072258304,162.078041,-19.425963,,
Sp1048-5254,10482788-5254180,5353652721316104832,162.1154463,-52.905036,,
Sp1048+0111,10484281+0111580,3808159454810609280,162.1783949,1.199506,,
Sp1050+4907,10503222+4907423,832562475274342528,162.633489,49.128342,,
Sp1050-4517,10503781-4517010,5387738200239483136,162.6570678,-45.2836215,,
Sp1051+5613,10511900+5613086,851053031037729408,162.8283554,56.219076,,
Sp1054-3445,10542604-3445296,5449420287163389184,163.608033,-34.7582821,,
Sp1055+0808,10554733+0808427,3865934633321490048,163.9472456,8.1452591,,
Sp1058-1548,10584787-1548172,3562717226488303360,164.6992733,-15.8047929,,
Sp1059-2113,10595138-2113082,3549886711771965184,164.9643077,-21.2190511,,
Sp1100+4957,11000965+4957470,833043374172123520,165.0398217,49.9629949,,
Sp1101+6508,11012960+6508423,1055924070568324608,165.371569,65.1450814,,
Sp1104+1959,11040127+1959217,3985153334796556928,166.0053388,19.989363,,
Sp1104-6412,11045955-6412108,5240416767548126720,166.2474875,-64.203028,,
Sp1106+0428,11061897+0428327,3815413929451499904,166.5790552,4.4757408,,
Sp1106+5259,11062352+5259317,842565209292919424,166.5976556,52.9921826,,
Sp1112-1502,11122285-1502467,3563051542448090368,168.0952004,-15.0463089,,
Sp1114+4516,11140222+4516067,785138236666164352,168.5081879,45.2685241,,
Sp1115-2429,11152970-2429346,3537580256079443968,168.8737868,-24.4930073,,
Sp1115-6731,11155037-6731332,5235273458327588224,168.9635053,-67.5258718,,
Sp1119+0820,11194647+0820356,3818676249170081408,169.9436337,8.3432767,,
Sp1121-1313,11214924-1313084,3562157781229213312,170.4548283,-13.2190913,,
Sp1122+0343,11220855+0343193,3812678894277121920,170.5356574,3.7220573,,
Sp1122-3916,11223624-3916054,5395939835428619776,170.6510707,-39.2682052,,
Sp1122-6533,11224462-6533161,5237048997789472256,170.6865185,-65.5544954,,
Sp1124+3808,11240487+3808054,764072693389251456,171.0205078,38.1348413,,
Sp1124-4213,11243908-4213114,5383082833650178816,171.1626117,-42.2198429,,
Sp1126-2706,11263718-2706470,3533077004345702656,171.6548614,-27.1130432,,
Sp1127+6346,11271602+6346369,863965764313485184,171.816031,63.7769881,,
Sp1128-1715,11280222-1715293,3548015725233042816,172.0091269,-17.2580879,,
Sp1130-5759,11301046-5759419,5336733745639778944,172.5421585,-57.9949819,,
Sp1131-6446,11312945-6446032,5237375312240964480,172.8718322,-64.7675902,,
Sp1133+1039,11332017+1039295,3916235366147580288,173.3340274,10.6581845,,
Sp1134-0224,11342951-0224181,3793379505977547008,173.6229927,-2.405045,,
Sp1134+0022,11345493+0022541,3797370909280252160,173.728895,0.3817005,,
Sp1136-0755,11364099-0755121,3592116483788799744,174.1707096,-7.9199986,,
Sp1138-1432,11381781-1432459,3572850772328371584,174.5742941,-14.5462771,,
Sp1139-0310,11394192-0310039,3792303255892637184,174.9246284,-3.1678054,,
Sp1141-2232,11414406-2232156,3540491079971287552,175.4334758,-22.5375031,,
Sp1143+0413,11435136+0413261,3896799367823015936,175.9640487,4.2239115,,
Sp1146+3431,11460907+3431384,4031116292386738304,176.5375394,34.5273826,,
Sp1148-2544,11485427-2544404,3490715741903588992,177.2261617,-25.744592,,
Sp1149-4012,11494971-4012433,5381471151464274816,177.4563667,-40.2120651,,
Sp1150-3139,11500230-3139323,3479243059623564160,177.5095717,-31.6589754,,
Sp1150-2850,11503794-2850132,3480933043353667328,177.6578479,-28.8369819,,
Sp1152+7412,11522057+7412529,1076066122862026752,178.0857689,74.2146712,,
Sp1152+2438,11524266+2438079,4004600401251919488,178.177334,24.6355302,,
Sp1153+0659,11535267+0659561,3899128064731508736,178.4694894,6.9989606,,
Sp1154+0135,11543399+0135545,3892263435682383488,178.6416988,1.5984553,,
Sp1155-3727,11553952-3727350,3460806448649173504,178.9147817,-37.4598628,,
Sp1155-2224,11554286-2224586,3493736924979792768,178.9284157,-22.4163315,,
Sp1157-4844,11574809-4844428,5371170445500507904,179.4502393,-48.7452347,,
Sp1158-2545,11580269-2545369,3487823991963915264,179.51118,-25.7602562,,
Sp1158+1354,11582484+1354456,3920340594673228928,179.6034634,13.9127852,,
Sp1159-5247,11592743-5247188,5368479017141170304,179.8609974,-52.7885865,,
Sp1159+0057,11593850+0057268,3891237587037953152,179.9103697,0.9574153,,
Sp1200+2048,12003292+2048513,3999432971480096640,180.1370566,20.8142736,,
Sp1201+3248,12010772+3248251,4027153579466009856,180.2822014,32.806909,,
Sp1201+4046,12013372+4046472,4035123015837707136,180.3897199,40.7796109,,
Sp1201-1213,12014096-1213481,3574523576191075328,180.4206512,-12.2300602,,
Sp1201-2932,12015441-2932487,3473814014803013248,180.476704,-29.5469384,,
Sp1202-0629,12022564-0629026,3595706561051608832,180.6068909,-6.4840864,,
Sp1202+4204,12025009+4204531,1537202850034988288,180.7082499,42.0814017,,
Sp1203+0015,12035812+0015500,3698979462002285824,180.9922191,0.2639191,,
Sp1204+3212,12043036+3212595,4026880286402654720,181.1265527,32.2165329,,
Sp1205-2758,12054455-2758283,3486407404374331136,181.4357637,-27.97459,,
Sp1206-4017,12062349-4017088,6149473568131829504,181.5983001,-40.2857965,,
Sp1206-3937,12065011-3937261,3459368076986593408,181.7087947,-39.6239234,,
Sp1207+7521,12072133+7521412,1692591738851696384,181.8398827,75.3614591,,
Sp1207+7617,12072325+7617369,1692759143791984768,181.8432379,76.293574,,
Sp1209+0542,12092283+0542056,3895344748299943296,182.3451508,5.7015848,,
Sp1210+1100,12102308+1100453,3906750635249348736,182.5961849,11.0125976,,
Sp1211+0406,12113013+0406096,3893817767165654400,182.875623,4.1027174,,
Sp1211-1304,12114852-1304460,3571216966767301888,182.9522902,-13.0794987,,
Sp1213-0432,12130336-0432437,3597096309389074816,183.263923,-4.5454828,,
Sp1215+0050,12155348+0050498,3698568141572462336,183.9728769,0.8471716,,
Sp1216+5709,12161235+5709275,1575312266651094656,184.0508071,57.1576781,,
Sp1217+0035,12172935+0035326,3698498322584980992,184.3722782,0.5924009,,
Sp1218-0550,12185957-0550282,3584671759275839872,184.7481488,-5.8411894,,
Sp1220+3315,12201166+3315379,4016348232027455104,185.0486265,33.2603984,,
Sp1221+0257,12212770+0257198,3701479918946381184,185.3654705,2.9554921,,
Sp1221-4548,12214915-4548420,6131567952556034304,185.4542261,-45.8116823,,
Sp1223-0858,12235208-0858432,3582675080520660992,185.9669766,-8.9787505,,
Sp1223-2757,12235633-2757468,3474993275382942208,185.9834033,-27.9629161,,
Sp1224-1238,12245222-1238352,3576327737332306688,186.2174089,-12.6432523,,
Sp1225-1402,12254811-1402458,3527860199628089600,186.4503297,-14.0460942,,
Sp1228-2415,12282421-2415593,3500860141124528384,187.1008663,-24.2665403,,
Sp1229+0752,12294530+0752379,3901165013100805248,187.4387777,7.8771646,,
Sp1232-6856,12321772-6856005,5856405272135505024,188.0722861,-68.933527,,
Sp1233-5020,12330034-5020055,6127211412606464640,188.2522577,-50.3348971,,
Sp1237+2107,12370037+2107445,3949356985702527360,189.2512875,21.1290261,,
Sp1239-7304,12394107-7304408,5841837425942435712,189.9213554,-73.0780064,,
Sp1241-3152,12415523-3152594,6160649004315403264,190.4798328,-31.8832193,,
Sp1246-3139,12462965-3139280,6160573275451466752,191.623562,-31.6579144,,
Sp1246+4027,12464678+4027150,1521895105554830720,191.6950966,40.454165,,
Sp1247+3857,12473802+3857487,1520922656239575168,191.9087611,38.9635193,,
Sp1249-2617,12493006-2617588,3495906501938285312,192.3754469,-26.2997003,,
Sp1249+5255,12493960+5255340,1569931222385549056,192.4144433,52.9260302,,
Sp1250-0149,12500670-0149214,3682760325461046912,192.5278472,-1.8226508,,
Sp1251+4620,12513775+4620274,1531017719173383296,192.9073389,46.3408188,,
Sp1252-3149,12522042-3149288,6159726548418451968,193.085256,-31.8246828,,
Sp1253+4034,12531240+4034038,1527127269076696064,193.3021078,40.5674122,,
Sp1254-0122,12545393-0122474,3688766613886655744,193.7245996,-1.3798332,,
Sp1256-3822,12565602-3822266,6154179404881995392,194.2335463,-38.3740883,,
Sp1259-4336,12590470-4336243,6135947032490329472,194.7716813,-43.6067842,,
Sp1300+1912,13004255+1912354,3941342198772052352,195.1769102,19.2096112,,
Sp1301-1510,13015465-1510223,3524663541367962624,195.477759,-15.1728873,,
Sp1304+8336,13042418+8336182,1726071421240839808,196.0959834,83.6050794,,
Sp1305+2046,13054106+2046394,3943239882828182784,196.4210878,20.777628,,
Sp1306+3820,13061727+3820296,1522768049067813504,196.5718175,38.3415969,,
Sp1308+0725,13082507+0725512,3730679138144442496,197.1044888,7.4308731,,
Sp1308+5239,13085029+5239162,1557856351329738752,197.2095081,52.6544876,,
Sp1309-2330,13092185-2330350,3504014060164255104,197.3410781,-23.5099329,,
Sp1309-5438,13095193-5438480,6067637295632046464,197.4658167,-54.6467388,,
Sp1311+4328,13114156+4328051,1526524977222751104,197.9226424,43.4680845,,
Sp1311+3629,13114227+3629235,1474322432877236480,197.9255313,36.4899686,,
Sp1312-5750,13122976-5750031,6063084218010732416,198.1237322,-57.8342158,,
Sp1315+3232,13151905+3232031,1466650487416101504,198.8293426,32.5341755,,
Sp1315-2649,13153094-2649513,6186534394250282752,198.8782267,-26.8310681,,
Sp1317+4833,13173072+4833343,1556005701461744768,199.377749,48.5595243,,
Sp1318+7322,13181281+7322139,1688578285187648128,199.5542834,73.3705443,,
Sp1319+2053,13195766+2053168,3940329273683912448,199.990174,20.8879755,,
Sp1320-3916,13201210-3916329,6138329227510027776,200.0507753,-39.2758605,,
Sp1320+4238,13203082+4238140,1525546995989465344,200.1286445,42.637218,,
Sp1320+0957,13204159+0957506,3732207661169873792,200.1733534,9.9640709,,
Sp1320+0409,13204427+0409045,3715937882671184128,200.1845224,4.1512759,,
Sp1321-0724,13212927-0724360,3631336299774144512,200.3719485,-7.4100361,,
Sp1323+3014,13235206+3014340,1462421490816513280,200.9665682,30.242721,,
Sp1325+0517,13251108+0517041,3716508254328262528,201.2962174,5.284531,,
Sp1326-3614,13261678-3614348,6166055474788409088,201.5701379,-36.2430308,,
Sp1327+0149,13273095+0149384,3711482627195848576,201.8789516,1.8273247,,
Sp1329-4147,13290099-4147133,6136908241874304640,202.2545387,-41.7870918,,
Sp1330-0453,13300232-0453202,3632151106610215296,202.5096494,-4.8890073,,
Sp1330+3526,13301784+3526440,1470418960441678080,202.5745741,35.4455658,,
Sp1330+1958,13303693+1958188,1441204932194846848,202.6539315,19.9718816,,
Sp1331+3407,13313310+3407583,1470080890679613696,202.8876204,34.1328379,,
Sp1331-6513,13313937-6513056,5864005027836957952,202.913938,-65.2182206,,
Sp1332+1542,13322349+1542190,3744966432753803776,203.0978618,15.7053098,,
Sp1332+0525,13325286+0525255,3717862474696681216,203.2203028,5.4237572,,
Sp1333-0216,13334540-0215599,3637567472687103616,203.4390891,-2.2666784,,
Sp1334-6257,13342803-6257356,5865271012355608704,203.6156668,-62.959875,,
Sp1336+3743,13364062+3743230,1475531925732254080,204.1689007,37.723041,,
Sp1336+4751,13365044+4751321,1552186307304378880,204.2105298,47.8589418,,
Sp1337+4938,13373116+4938367,1558581651047392512,204.3799667,49.6435198,,
Sp1338+4140,13382615+4140342,1500998715270526592,204.6086551,41.6759832,,
Sp1338-1838,13384147-1838531,6293503127445127168,204.6727055,-18.6480992,,
Sp1339-1755,13392651-1755053,6293616033542703104,204.8604872,-17.9182463,,
Sp1341+5510,13414890+5510458,1562271818226778624,205.4532801,55.179423,,
Sp1343-2950,13435062-2950513,6175390087989628416,205.9608221,-29.8475886,,
Sp1346-1624,13460014-1624370,6295409272582888960,206.5003476,-16.410404,,
Sp1346+5306,13464223+5306434,1560938110622485632,206.6755496,53.1120711,,
Sp1346-3149,13464607-3149258,6171593062022433920,206.6916007,-31.8237581,,
Sp1348-0304,13480100-0304328,3658091957458756864,207.0042071,-3.0759117,,
Sp1348-4227,13482456-4227441,6112093093362734336,207.1021073,-42.4622535,,
Sp1348+0353,13484591+0353545,3665777200138942336,207.1913096,3.898523,,
Sp1348-5423,13485844-5423193,6064998845687183232,207.2429635,-54.3886837,,
Sp1351-5036,13515187-5036568,6093403697794258688,207.9658537,-50.6158365,,
Sp1354+5044,13543964+5044510,1512371548152280960,208.6644377,50.74748,,
Sp1356-1812,13560943-1812592,6293977605365279232,209.0391746,-18.2164903,,
Sp1357-1438,13571497-1438529,6301981294100423040,209.3121341,-14.6479851,,
Sp1357-2134,13574816-2134442,6288041239007718400,209.4506171,-21.5790995,,
Sp1359-5636,13592210-5636318,5872178694156653440,209.8412063,-56.6088542,,
Sp1359-4034,13595510-4034582,6111126966247119232,209.9796774,-40.5829209,,
Sp1401+4211,14014059+4211078,1498830684500224000,210.4194235,42.1855097,,
Sp1402-0630,14021038-0630045,3643510371689816064,210.5433114,-6.5012002,,
Sp1403+3007,14032232+3007547,1454104436971779328,210.8423426,30.1318438,,
Sp1405+8350,14053729+8350248,1725759404752580736,211.3827787,83.8402074,,
Sp1406+3131,14060434+3131154,1454350761936211200,211.517961,31.5209816,,
Sp1406-6957,14061314-6957172,5846206202262355712,211.5535709,-69.9547972,,
Sp1407-4436,14073195-4436096,6097182474447385088,211.8828679,-44.6027043,,
Sp1408-5307,14083421-5307378,5896887400457626112,212.1428155,-53.1271994,,
Sp1409-3357,14090310-3357565,6123776156029125760,212.2630426,-33.9656927,,
Sp1410-5001,14102909-5001594,6090711887180678912,212.6207781,-50.0332638,,
Sp1410+4354,14103941+4354068,1504606109843465472,212.6639313,43.9018593,,
Sp1411+3936,14111735+3936363,1485548584035554816,212.8212641,39.6101098,,
Sp1412-0035,14121215-0035165,3659878388975309696,213.0505087,-0.5878719,,
Sp1412+2354,14122268+2354108,1254110521784729984,213.0944757,23.9029881,,
Sp1412+1633,14122449+1633115,1233008320961367296,213.1020488,16.5532614,,
Sp1413-0457,14135981-0457483,3644153375538653184,213.4991305,-4.9634851,,
Sp1415+4636,14152026+4636590,1506081993748884608,213.8342735,46.6164175,,
Sp1416+1348,14162408+1348263,1227133699053734528,214.1003234,13.8072712,,
Sp1418-3538,14182962-3538060,6119607155827787520,214.6231992,-35.634978,,
Sp1421-1618,14211873-1618201,6297076922485674240,215.3279083,-16.3056764,,
Sp1421-2935,14212740-2935483,6221035209409436544,215.3641908,-29.5968946,,
Sp1421+1827,14213145+1827407,1239625559894563968,215.3807256,18.4612496,,
Sp1423+5146,14230252+5146303,1604901876901703168,215.7616852,51.775145,,
Sp1423-0806,14231109-0806525,6329653390432226304,215.796127,-8.1146386,,
Sp1424-3514,14241870-3514325,6119528334597735296,216.0779308,-35.2424279,,
Sp1425+7422,14250982+7422029,1699999015544763008,216.2897558,74.3674944,,
Sp1425-3650,14252798-3650229,6118581861234228352,216.3662908,-36.839792,,
Sp1428+1356,14280419+1356137,1227705135863076864,217.0172682,13.9370335,,
Sp1428-0644,14283106-0644337,6331354197480725120,217.1294506,-6.7427117,,
Sp1428+5923,14283132+5923354,1611997094153823104,217.1296216,59.3931743,,
Sp1428+3310,14284323+3310391,1287312100751643776,217.1798228,33.1775683,,
Sp1430+5943,14303787+5943249,1618010323247026560,217.6540373,59.7235751,,
Sp1430-3114,14305669-3114367,6219675839377104128,217.735945,-31.2435184,,
Sp1431-2029,14313565-2029260,6283092508968850688,217.8984679,-20.4905265,,
Sp1433+2432,14330900+2432062,1255034459444168704,218.2874027,24.5350697,,
Sp1434-2335,14345819-2335572,6278314581192028928,218.7421821,-23.5993107,,
Sp1435-2333,14351087-2333025,6278316333538492416,218.7950551,-23.550711,,
Sp1436+2900,14360977+2900350,1281203935697174016,219.0406341,29.0097758,,
Sp1436-5721,14365227-5721334,5891504088488622208,219.2181878,-57.359289,,
Sp1438+6408,14380829+6408363,1668664785283445760,219.5380409,64.1434172,,
Sp1439+1839,14390030+1839385,1236134438678071168,219.7512833,18.6607511,,
Sp1443+0316,14432796+0316543,3655776282891553664,220.866562,3.2817697,,
Sp1444+3002,14441717+3002145,1282632682337912832,221.0715084,30.037284,,
Sp1445+6447,14455204+6447565,1668765601051605248,221.4667595,64.7990331,,
Sp1446-3952,14462298-3952315,6102215012181315712,221.5958653,-39.8754544,,
Sp1447-3158,14472425-3158091,6217317833616074496,221.8511913,-31.969206,,
Sp1447+5335,14472583+5335017,1606005198164602752,221.8577379,53.5837842,,
Sp1450+5112,14502053+5112305,1593484616879083008,222.5858218,51.2082822,,
Sp1450+3920,14505734+3920451,1488484486239825664,222.7388767,39.3458716,,
Sp1451-3732,14511421-3732559,6201617735278201856,222.8088693,-37.5489429,,
Sp1453+1420,14532582+1420410,1185329545411155200,223.3576716,14.3446868,,
Sp1453+3733,14534847+3733165,1295931997030930432,223.4518422,37.5546403,,
Sp1454-6604,14540797-6604476,5848753805085988352,223.5362613,-66.0798456,,
Sp1455+2619,14550283+2619202,1268904901707162496,223.7619885,26.3222121,,
Sp1456-2747,14560135-2747374,6225165597853415552,224.0055886,-27.7935329,,
Sp1456-2809,14563831-2809473,6224387727748521344,224.159151,-28.1635063,,
Sp1456-2631,14565698-2631295,6225946418615757696,224.2370679,-26.5249621,,
Sp1457+4517,14573965+4517167,1586649326754181376,224.4147284,45.287991,,
Sp1458+2839,14582453+2839580,1269789664970320512,224.6021446,28.666051,,
Sp1459+0604,14591936+0604535,1160010708906897152,224.8307106,6.0815366,,
Sp1500+1927,15003501+1927402,1212968725113381120,225.1458861,19.4611701,,
Sp1500+4219,15004572+4219448,1585284149919387264,225.1907147,42.3291491,,
Sp1501+2250,15010818+2250020,1262763648230973440,225.2840972,22.8339224,,
Sp1501-4003,15015633-4003372,6197193330555411072,225.4848433,-40.0603745,,
Sp1504-2355,15041621-2355564,6227871564690336512,226.0672697,-23.9323844,,
Sp1506+7029,15062483+7029219,1695191637175416576,226.6035497,70.4894053,,
Sp1507-1627,15074769-1627386,6306068659857135232,226.9486207,-16.461144,,
Sp1509-1932,15092456-1932058,6256820090941649920,227.3520854,-19.5349919,,
Sp1510-0241,15101685-0241078,6336552379219937920,227.5701578,-2.6855696,,
Sp1510+3619,15102960+3619480,1292050583544747264,227.6231628,36.3299193,,
Sp1512+3403,15124058+3403501,1290498996544435200,228.1694649,34.0639194,,
Sp1513-2243,15135914-2243508,6228195954979707776,228.4962579,-22.7310221,,
Sp1514+2341,15142053+2341051,1263521143023141248,228.585504,23.6846883,,
Sp1514-2254,15145021-2254346,6228177916116903808,228.7088798,-22.9097413,,
Sp1515-0030,15154719-0030594,4418691662982244864,228.9466457,-0.5165723,,
Sp1516-2315,15161217-2315498,6228107066335759744,229.0506278,-23.2639104,,
Sp1516+0942,15164002+0942112,1167422040047624192,229.1668329,9.7031024,,
Sp1517-5128,15173003-5128187,5889892371901470336,229.3752222,-51.4718898,,
Sp1519-3407,15192409-3407502,6206348792079095040,229.8504453,-34.1306103,,
Sp1521+5053,15210103+5053230,1595520568815311744,230.2545118,50.8896649,,
Sp1523-2347,15230657-2347526,6251104829501200128,230.7772582,-23.7979637,,
Sp1524+2925,15242475+2925318,1272178319624018816,231.1031275,29.4254282,,
Sp1524+6132,15245372+6132529,1616382187044841344,231.2228577,61.5480136,,
Sp1524+2812,15245787+2812375,1271864477773790848,231.2409801,28.2103717,,
Sp1525-5110,15251165-5110271,5889783146637607808,231.2982397,-51.1742412,,
Sp1526+2043,15261405+2043414,1213916950812872192,231.5583047,20.7278998,,
Sp1529-2907,15291401-2907361,6209827101411960320,232.3083038,-29.1271151,,
Sp1530-5342,15302112-5342348,5888509602928271488,232.588087,-53.7096814,,
Sp1531+1641,15311344+1641282,1207683608943523712,232.8060007,16.6912215,,
Sp1534-4914,15341114-4914004,5986422934440315648,233.5449218,-49.2334303,,
Sp1534+1219,15345325+1219495,1193465794018333824,233.7219527,12.3303904,,
Sp1534-1418,15345704-1418486,6265453524968112640,233.7370902,-14.3136812,,
Sp1536+2959,15365618+2959314,1273169013960202368,234.2342444,29.9920949,,
Sp1537-3954,15371278-3954097,6002992162332713856,234.3028559,-39.9027505,,
Sp1539-0520,15394189-0520428,4400638923299410048,234.9246935,-5.3452124,,
Sp1539+7437,15394442+7437273,1697766388465292800,234.9346278,74.6243025,,
Sp1540+4347,15402203+4347167,1397262748128248704,235.0910493,43.7880123,,
Sp1540-2613,15402966-2613422,6234648404610590208,235.122812,-26.2285975,,
Sp1544+3301,15445518+3301447,1370790111609798144,236.2300017,33.0291249,,
Sp1545+5214,15450477+5214109,1596590634148306944,236.2700945,52.2363614,,
Sp1545-6608,15452090-6608145,5825416498972480768,236.337546,-66.1373048,,
Sp1545-2255,15453949-2255179,6240176160661915008,236.4141949,-22.9217111,,
Sp1546-5534,15464185-5534468,5884382654716110848,236.6728709,-55.5798574,,
Sp1547-1317,15470855-1317183,6266980643532992384,236.7854503,-13.2884034,,
Sp1547-2423,15474719-2423493,6236753694496012544,236.9465629,-24.397103,,
Sp1548-1636,15485834-1636018,6260966349293260928,237.2429388,-16.6005762,,
Sp1549-3954,15493700-3954588,6008386881753303296,237.4041004,-39.9163043,,
Sp1551+6457,15510662+6457047,1641189157936120704,237.7761944,64.9513179,,
Sp1551+5442,15513273+5442010,1597533701590333440,237.8857117,54.7002978,,
Sp1553+1400,15531993+1400337,1192473897093821568,238.3326056,14.0094067,,
Sp1554+1639,15540031+1639502,1196423583379532032,238.5009733,16.6637555,,
Sp1555-0956,15551573-0956055,4346523537966269824,238.815798,-9.9350124,,
Sp1557+1752,15573279+1752387,1202578237154220288,239.3867217,17.8773751,,
Sp1557+5914,15575569+5914232,1626056858576035712,239.4808718,59.2397774,,
Sp1559-2254,15593777-2254136,6237185523394594816,239.9072801,-22.9038462,,
Sp1559-2226,15593799-2226128,6243406392685698688,239.9084421,-22.4370036,,
Sp1600-4543,16001853-4543248,5985229174021530624,240.0762279,-45.7237008,,
Sp1600-3205,16003857-3205247,6036456382825238272,240.1606861,-32.0902491,,
Sp1602-2803,16022904-2803335,6042757958837399808,240.6210218,-28.0594571,,
Sp1602-3455,16024307-3455513,6011095425583818752,240.6793111,-34.9309556,,
Sp1602+6242,16025628+6242173,1627957673662594176,240.7358948,62.7047112,,
Sp1604+0908,16043145+0908387,4454769083328936960,241.1310307,9.1441163,,
Sp1605+1931,16055741+1931115,1203226708493874432,241.4892321,19.5198554,,
Sp1607-0442,16073123-0442091,4404521333221783680,241.8801585,-4.7026741,,
Sp1607-1512,16073814-1512023,6250888706747904384,241.90888,-15.200747,,
Sp1608-0443,16080177-0443081,4356483979439228032,242.0074143,-4.7190084,,
Sp1608+1957,16082459+1957473,1204754033223498624,242.1026549,19.9631622,,
Sp1609+2457,16090417+2457113,1303076623589331968,242.2674233,24.953118,,
Sp1614-0251,16142520-0251009,4405150047715392128,243.604992,-2.8502104,,
Sp1615+0546,16154245+0546400,4438043930922131072,243.9269041,5.777796,,
Sp1615+3558,16154416+3559005,1329942262499164544,243.9339487,35.9832117,,
Sp1619+0050,16192830+0050118,4408577118080317056,244.8679468,0.8365735,,
Sp1620-0416,16202614-0416315,4356709207522366464,245.1090049,-4.2754657,,
Sp1621-3711,16210447-3711373,6021535941318934912,245.2685932,-37.1937561,,
Sp1621-0356,16212343-0356184,4356818643290742144,245.3476592,-3.9385063,,
Sp1621-7151,16215792-7151399,5806529569245000064,245.4901692,-71.8610471,,
Sp1622+4934,16225554+4934572,1423312343253959296,245.7316619,49.5826807,,
Sp1623-1758,16233307-1758456,4324600444333841280,245.8878661,-17.9794719,,
Sp1623-0508,16235981-0508066,4355669206962020096,245.9991729,-5.1353006,,
Sp1625-1742,16253861-1742058,4324623671517705600,246.4108548,-17.7016897,,
Sp1626-0639,16260134-0639257,4352067894065551744,246.5055711,-6.6572428,,
Sp1626+2113,16260302+2113132,1298201217231698048,246.5126168,21.2203569,,
Sp1626+2512,16263531+2512356,1302570367203956736,246.6472223,25.209851,,
Sp1627+8105,16272794+8105075,1710380123298255232,246.8605205,81.0855235,,
Sp1630-2120,16301775-2120012,6052334155364646528,247.5738792,-21.3336762,,
Sp1631+3227,16311229+3227112,1324598017513898752,247.8011424,32.4531442,,
Sp1632+3505,16325610+3505076,1327719286210329344,248.2339014,35.0854052,,
Sp1632-0631,16325882-0631481,4352307381441947392,248.2450704,-6.5301117,,
Sp1633-7553,16331306-7553232,5781043783061254272,248.3026482,-75.8896931,,
Sp1633-6808,16334976-6808488,5809399363316632064,248.4528664,-68.146726,,
Sp1633-6808,16334976-6808488,5809399363316630912,248.4557327,-68.1468704,,
Sp1637+0037,16374769+0037183,4383601165995574528,249.4487569,0.6217708,,
Sp1639-3444,16391688-3444528,6020852487465765248,249.8203535,-34.7480149,,
Sp1642-3654,16423658-3654538,6019305478910025472,250.6517759,-36.9143233,,
Sp1645+3004,16452207+3004071,1311454726097258368,251.3418988,30.0686275,,
Sp1645-1319,16452211-1319516,4327580052130121728,251.3420067,-13.3311841,,
Sp1646+5019,16461148+5019456,1412377317863375488,251.54762,50.3295419,,
Sp1646+3016,16462862+3016430,1311552518207086720,251.6193199,30.278571,,
Sp1648-0012,16482107-0012270,4382778181541021440,252.0877982,-0.2074816,,
Sp1648-2913,16482431-2913100,6031367499416648192,252.1012826,-29.2194511,,
Sp1649+2822,16490301+2822162,1308039230665162240,252.2623527,28.3711945,,
Sp1649+0444,16490419+0444571,4434578579508991360,252.2674772,4.7491734,,
Sp1650-6026,16505838-6026153,5914718073148075392,252.7434833,-60.4375982,,
Sp1653+6231,16532970+6231364,1630800834638974976,253.3739137,62.5267942,,
Sp1654+3747,16545081+3747141,1351358992366449152,253.711512,37.7873644,,
Sp1655-0823,16553529-0823401,4339417394313320192,253.8968627,-8.3946536,,
Sp1656-1422,16562618-1422545,4140281437496568576,254.1090698,-14.3818333,,
Sp1657-0940,16570580-0940074,4336167439803266688,254.2741937,-9.66875,,
Sp1657+1054,16573454+1054233,4447496977846072960,254.3939675,10.9065179,,
Sp1658+7027,16580380+7027015,1649407285800074240,254.5146463,70.4504732,,
Sp1658+5103,16584290+5103383,1412657697622625536,254.6778715,51.0605079,,
Sp1659+3515,16595093+3515083,1338857785678266880,254.9621443,35.2522786,,
Sp1700-2207,17002789-2207322,4126080699371400064,255.1161533,-22.1257086,,
Sp1701-2115,17010718-2115154,4127833836291916800,255.279865,-21.2543246,,
Sp1702-5542,17023460-5542482,5917512039595795968,255.6439608,-55.713528,,
Sp1705-0909,17054480-0909320,4336441463013267072,256.436632,-9.1589711,,
Sp1705-5441,17054744-5441513,5923656557253383936,256.4473438,-54.6975944,,
Sp1705-0516,17054834-0516462,4364462551205872000,256.4514637,-5.2795392,,
Sp1706-1314,17065487-1314396,4140696473069943424,256.7285904,-13.2444363,,
Sp1707+6439,17071830+6439331,1632113518378994304,256.8275887,64.6592186,,
Sp1707-0558,17072343-0558249,4364185165038935040,256.847629,-5.9736717,,
Sp1707+4301,17073334+4301304,1355138567881915392,256.8885719,43.0250716,,
Sp1708-4302,17082066-4302579,5965263692134717056,257.0861541,-43.0493946,,
Sp1709-7226,17094464-7226593,5804349993596182656,257.4372481,-72.4497915,,
Sp1711+4028,17114559+4028578,1341903196662424320,257.940437,40.4827372,,
Sp1712-0507,17125121-0507249,4364702279101281024,258.2133902,-5.1237316,,
Sp1713-3952,17134048-3952120,5972124644679705728,258.4188031,-39.8699651,,
Sp1713+1211,17134871+1211286,4540960383944257536,258.4529331,12.1912321,,
Sp1714+0648,17143213+0648183,4393807554480456448,258.6338302,6.8051281,,
Sp1714+3019,17145233+3019409,1333085869323204224,258.7180823,30.3280644,,
Sp1715-1515,17150994-1515307,4136445314452075776,258.7911991,-15.2586565,,
Sp1717-8449,17174009-8449509,5767514322541612672,259.4097815,-84.8308192,,
Sp1717+6112,17175971+6112099,1437716460972795392,259.4994196,61.2027786,,
Sp1718-4131,17185456-4131395,5959737748540750592,259.7269774,-41.5278015,,
Sp1719-4736,17191934-4736182,5950974851364748160,259.8308989,-47.6051271,,
Sp1720+4446,17203101+4446085,1361383484691177728,260.1289792,44.7690013,,
Sp1721-2149,17213220-2149396,4114845099305514496,260.3812222,-21.826337,,
Sp1723+3724,17231997+3724275,1337400112432654464,260.8332858,37.4075784,,
Sp1726-0415,17262168-0415357,4363458933311794816,261.5903479,-4.259914,,
Sp1726-2737,17264070-2737593,4059973524888355584,261.6690023,-27.6333108,,
Sp1727-0111,17275921-0111092,4373221192113292928,261.9967832,-1.1859669,,
Sp1728+0839,17281134+0839590,4490357663379552256,262.0472676,8.6664102,,
Sp1728+7518,17285995+7518436,1656001233124961152,262.2484881,75.3120819,,
Sp1729+6131,17290985+6131347,1439014228292204416,262.2897204,61.5262445,,
Sp1729+3805,17294957+3805495,1343301122619404160,262.4566565,38.0970813,,
Sp1731+1619,17310063+1619449,4549845743568317312,262.752667,16.3291222,,
Sp1731+2721,17312974+2721233,4595127343251508992,262.8738781,27.3564541,,
Sp1732+3004,17322813+3004540,4598974774954601216,263.1171945,30.0817531,,
Sp1733+2615,17330050+2615147,4594808965914061184,263.2520527,26.2540911,,
Sp1733+3144,17333281+3144571,4600837382010781696,263.3862452,31.7492635,,
Sp1733-1654,17334227-1654500,4124397553254685440,263.4261613,-16.9139216,,
Sp1734-2711,17342166-2711219,4061368702058503168,263.5908004,-27.1910076,,
Sp1734-1151,17343053-1151388,4162703606326651392,263.6272504,-11.8608431,,
Sp1735-2745,17350903-2745448,4061264935583100160,263.7877504,-27.7624617,,
Sp1735-4611,17355552-4611132,5949102000769521664,263.9814679,-46.1870338,,
Sp1737+4705,17373855+4705511,1363482108789712000,264.4107826,47.0973353,,
Sp1739+2454,17392515+2454421,4581695915363428736,264.8548478,24.9117727,,
Sp1739+5532,17395323+5532417,1421042126620559104,264.9717837,55.5449313,,
Sp1741+0940,17415439+0940537,4489306942580947584,265.4766729,9.6816515,,
Sp1743+8526,17430860+8526594,1724495516135399936,265.7802866,85.4498926,,
Sp1743+2127,17434148+2127069,4556014656644051456,265.9229196,21.4519867,,
Sp1743+1832,17435115+1832575,4552028750887460608,265.9631318,18.5492834,,
Sp1744-5834,17442494-5834151,5918136424731578240,266.1043283,-58.5708801,,
Sp1745-1640,17453466-1640538,4123874907297370240,266.3944653,-16.681656,,
Sp1746+3731,17460219+3731360,4609272869578837504,266.5091225,37.526535,,
Sp1746+5034,17461199+5034036,1367315968397315584,266.5505924,50.5676139,,
Sp1746+2903,17462953+2903386,4596327150956343680,266.6230056,29.060734,,
Sp1749+2241,17495948+2241069,4580216762992082048,267.4976275,22.6852268,,
Sp1750+4424,17501291+4424043,1349492949336359936,267.5537291,44.401179,,
Sp1751+3610,17515855+3610594,4608161125885674368,267.9935218,36.1830723,,
Sp1752-4446,17522852-4446505,5954761466289688320,268.1191328,-44.7815296,,
Sp1752-7642,17523051-7642279,5800843032535485312,268.1288583,-76.7076897,,
Sp1752-2949,17525549-2949410,4056402581708399360,268.2312473,-29.8281476,,
Sp1753-6559,17534518-6559559,5908794218026022144,268.4379459,-65.9987977,,
Sp1754+6408,17544049+6408086,1439919263800588928,268.6686448,64.1357113,,
Sp1755-0126,17552867-0125598,4178755415232881152,268.8694456,-1.4333452,,
Sp1756-2707,17560251-2707356,4063613694285106048,269.0111636,-27.1297615,,
Sp1756-2933,17561595-2933549,4056326303084635776,269.0665314,-29.565493,,
Sp1756-2042,17563573-2042395,4071058526222980096,269.1500792,-20.7082547,,
Sp1757-1253,17573276-1253503,4150469344775405184,269.386609,-12.89741,,
Sp1757+1142,17574204+1142473,4495872916780771200,269.4251469,11.7131102,,
Sp1758-2804,17582330-2804589,4062745664214264192,269.5971157,-28.083221,,
Sp1758-2904,17585465-2904522,4062347950343816576,269.7279607,-29.0810699,,
Sp1759+0235,17595639+0235262,4469266762617305088,269.9849866,2.5906673,,
Sp1800-1559,18000116-1559235,4145132555890838784,270.0048617,-15.989991,,
Sp1801+7442,18014549+7442294,2267517023167123712,270.4395207,74.7080948,,
Sp1802-1412,18020501-1412361,4147095940015176704,270.5208356,-14.2101853,,
Sp1803-3031,18030034-3031212,4050146841807761152,270.7515318,-30.5227085,,
Sp1803-1550,18033856-1550003,4145194197200758144,270.9106485,-15.833587,,
Sp1804-1616,18044086-1616385,4144383754057229696,271.1703121,-16.2774749,,
Sp1804-3200,18045835-3200211,4043052483364954112,271.2429062,-32.0059674,,
Sp1806+2923,18064570+2923591,4590356940256629120,271.6903745,29.3997565,,
Sp1807-0625,18070621-0625471,4171383636445972096,271.7759216,-6.4297854,,
Sp1807+5015,18071593+5015316,2123161836615550848,271.8164666,50.2587872,,
Sp1808+3523,18081400+3523103,4606224817186878848,272.0583086,35.3862138,,
Sp1809+2259,18091335+2259376,4578202973087023360,272.3056762,22.993793,,
Sp1809-2816,18092610-2816293,4050824660395776768,272.3575437,-28.2703347,,
Sp1812+0531,18120986+0531363,4471578760691485056,273.0410505,5.5267078,,
Sp1813-2542,18135679-2542077,4064752861379890944,273.4865244,-25.7021056,,
Sp1814-4522,18141878-4522026,6720229263835768832,273.5784285,-45.3674103,,
Sp1814-2025,18142928-2025279,4094032443707053568,273.6219441,-20.4246155,,
Sp1814-1536,18143959-1536199,4145765496561285120,273.6649143,-15.605679,,
Sp1815-2237,18154020-2237345,4090479921678998272,273.9212271,-22.6261675,,
Sp1817+1017,18170973+1017317,4482174616812464128,274.2905689,10.2921467,,
Sp1819+4101,18194663+4101569,2109889524381399040,274.9443767,41.0325213,,
Sp1819-5754,18195739-5754310,6647979736302964096,274.9891727,-57.9086361,,
Sp1821+1414,18212815+1414010,4485574134969389312,275.3673552,14.2335685,,
Sp1821-6101,18214624-6101545,6634463852178515456,275.4429536,-61.0317625,,
Sp1822+3921,18224712+3921504,2109407255391343488,275.6964017,39.3640158,,
Sp1822+4032,18225837+4032040,2109805965791669760,275.7431606,40.5344048,,
Sp1824-3503,18241164-3503180,4044274938335481472,276.0486839,-35.0550884,,
Sp1824-3519,18241642-3519222,6734417258848246400,276.0684606,-35.3228295,,
Sp1824+7316,18244404+7316063,2267065781019464192,276.1840761,73.268443,,
Sp1825+5122,18252047+5122169,2124214034882055424,276.3353941,51.371509,,
Sp1827-1251,18272880-1251344,4152906889008241152,276.8699342,-12.8595528,,
Sp1829-1439,18291894-1439014,4104121283206946688,277.3291078,-14.6505374,,
Sp1829+2600,18293277+2600424,4537192426318445312,277.3866346,26.0117825,,
Sp1829+0215,18293465+0215549,4276948538120524288,277.394382,2.265262,,
Sp1829+0757,18294744+0757320,4477628892158580736,277.4476345,7.9588491,,
Sp1831-6435,18315290-6435471,6437777371042569344,277.9702624,-64.5964136,,
Sp1833+2225,18333989+2225096,4535152454295543936,278.4162219,22.4193782,,
Sp1834-3353,18343191-3353365,6735003195456641024,278.6329996,-33.8934909,,
Sp1835+3259,18353790+3259545,2091177593123254016,278.9077745,32.998142,,
Sp1836-3507,18365842-3507176,6733860940302404864,279.2435253,-35.1215121,,
Sp1837-4755,18372578-4755279,6704941688521962496,279.3576162,-47.9244407,,
Sp1837+1558,18374321+1558110,4510049504324001152,279.4301037,15.969781,,
Sp1839+4424,18392735+4424484,2117179153330391040,279.8640333,44.4134278,,
Sp1839+2952,18393308+2952164,4587614930058979584,279.8878684,29.8712448,,
Sp1842-5114,18420549-5114383,6655006165359227264,280.5228283,-51.2439979,,
Sp1842-3905,18421930-3905574,6729658843064176000,280.580433,-39.0993143,,
Sp1842+6751,18422450+6751449,2258730658247255552,280.6034482,67.8624835,,
Sp1843+4040,18432213+4040209,2098514324976071424,280.8420245,40.6725942,,
Sp1843+2651,18432454+2651192,4537903393728410624,280.8523395,26.8553003,,
Sp1843-0255,18432619-0255210,4258673624065016576,280.857521,-2.9208544,,
Sp1843+1132,18433035+1132058,4504120628412422784,280.8764659,11.534956,,
Sp1845-6357,18450541-6357475,6439125097425259776,281.2860999,-63.9631851,,
Sp1845+3853,18451889+3853248,2098118397710725248,281.3289187,38.8901727,,
Sp1845+0711,18452147+0711584,4286113482922764288,281.3394946,7.1995968,,
Sp1847-3419,18474700-3419345,6735308241178655872,281.9459169,-34.3262553,,
Sp1849-2359,18495876-2359296,4075135240434830720,282.4950216,-23.9915953,,
Sp1851+5935,18510178+5935040,2156140966334260096,282.7575765,59.5844916,,
Sp1852+5257,18521683+5257195,2146205160793278976,283.0702572,52.9552602,,
Sp1853-4107,18535440-4107581,6716645027732064640,283.4767638,-41.1328407,,
Sp1854+8429,18544597+8429470,2302731288228467328,283.6946919,84.4963763,,
Sp1854-5704,18545092-5704417,6637017330494491648,283.7105093,-57.0782589,,
Sp1856-0822,18560903-0822382,4203875751318123904,284.037595,-8.3775007,,
Sp1856+6356,18562378+6356589,2253514575086001536,284.0996004,63.9496176,,
Sp1858-2420,18584726-2420474,4074475773958253696,284.6968523,-24.3466751,,
Sp1859-7435,18594091-7435350,6414193190226793088,284.9217642,-74.5930757,,
Sp1903+3521,19030657+3521185,2092602594550437632,285.7774555,35.3550837,,
Sp1903+3422,19031756+3422448,2044451578761513984,285.8233781,34.3791417,,
Sp1903+2437,19034940+2437441,4533661241650218880,285.9556706,24.6287687,,
Sp1905+1740,19050233+1740339,4514579354818664704,286.2597214,17.6759759,,
Sp1905-4644,19050344-4644408,6662824483302682752,286.2644788,-46.7447074,,
Sp1906-0515,19060693-0515043,4206320171755704320,286.5288748,-5.2512031,,
Sp1906-5828,19062535-5828256,6633500847494138496,286.605027,-58.4738165,,
Sp1906+4011,19064801+4011089,2100693797539808896,286.7008959,40.1857208,,
Sp1908+2238,19085552+2238552,4521094957614129024,287.2314211,22.6486575,,
Sp1909-1937,19090821-1937479,4083994314834200960,287.2841732,-19.6300164,,
Sp1910+5634,19101148+5634259,2141364423410899968,287.5466182,56.5738361,,
Sp1913-0241,19133978-0241178,4261087704930345600,288.4157969,-2.6883165,,
Sp1914+6808,19140511+6808452,2261191880664881536,288.5195634,68.1458253,,
Sp1914-3008,19141995-3008400,6758993680146596736,288.5830302,-30.1444601,,
Sp1916+0051,19161309+0051495,4264640944245035264,289.0545658,0.8638194,,
Sp1916+0509,19165762+0509021,4293315765165489536,289.2400326,5.1504413,,
Sp1919-3115,19191909-3115111,6757888533525080576,289.8294719,-31.2531017,,
Sp1921+2425,19210919+2425506,2022991826205278080,290.2884832,24.4310102,,
Sp1921-2915,19212977-2915507,6759481141756109056,290.3744225,-29.2640393,,
Sp1923+0917,19233789+0917413,4308384262776409728,290.9078426,9.294834,,
Sp1923-3308,19233820-3308416,6745394611098654336,290.9092733,-33.1450868,,
Sp1924-5154,19243238-5154366,6646473096129766912,291.1348365,-51.9101475,,
Sp1924+2004,19243334+2004523,4515902067279357056,291.1384094,20.0812067,,
Sp1925+0700,19251275+0700362,4295524821431807232,291.3031648,7.010085,,
Sp1927+2537,19271072+2537269,2024675900064676224,291.7941911,25.6245515,,
Sp1927-4833,19273146-4833528,6659099681507716736,291.8814129,-48.5646007,,
Sp1928+2339,19280838+2339066,2019700846162292864,292.0350162,23.6517876,,
Sp1928-4700,19282381-4700385,6660561821519000960,292.0993605,-47.0106276,,
Sp1928+1301,19282731+1301597,4316455502719737472,292.1138197,13.033178,,
Sp1928+3403,19284456+3403408,2046643455185395968,292.1857234,34.0613309,,
Sp1928-4356,19285196-4356256,6664912936922642048,292.2166877,-43.9404154,,
Sp1929-0458,19293671-0458483,4208609522456994304,292.402911,-4.9801997,,
Sp1929+1101,19294379+1101571,4314878631298620160,292.4324907,11.0325221,,
Sp1930-1521,19303379-1521418,4181467253288480640,292.6407813,-15.3615902,,
Sp1933+1022,19330580+1022460,4314593308028863872,293.2741993,10.3794955,,
Sp1933-0810,19331574-0810252,4206618517355209088,293.315599,-8.1737218,,
Sp1933+2150,19332754+2150009,2018474482692940288,293.3647137,21.8334425,,
Sp1933+1944,19332850+1944380,1825481536024344576,293.3688301,19.744042,,
Sp1936-0455,19363518-0455498,4209956497214985344,294.1465981,-4.9306958,,
Sp1937-1359,19370320-1359331,4183182182189784832,294.2634514,-13.9925267,,
Sp1938+4321,19384821+4321232,2077988676275617408,294.7012463,43.356332,,
Sp1939-4239,19390462-4239251,6688348821108279552,294.7692291,-42.6570336,,
Sp1939-5750,19395199-5750339,6448329418495400960,294.9669781,-57.8427322,,
Sp1940+1237,19400213+1237222,4316785012653747456,295.0088988,12.622805,,
Sp1941-6733,19414170-6733188,6427046481153632640,295.4226689,-67.5551949,,
Sp1942+1913,19425311+1913469,1824873403019776896,295.7213777,19.2291469,,
Sp1943-6125,19433311-6125421,6442331445127207808,295.887927,-61.4282938,,
Sp1945-4904,19451925-4904561,6671044947630014464,296.3297115,-49.0822231,,
Sp1945-2557,19453551-2557215,6766848728654380160,296.3985155,-25.9560818,,
Sp1945+5428,19455564+5428486,2137903951084527488,296.4822811,54.4801474,,
Sp1946-1145,19464850-1145202,4189904325697216256,296.7021279,-11.7556287,,
Sp1949+1713,19492942+1713027,1820834656271108864,297.3726662,17.2174188,,
Sp1949+2445,19495077+2445056,2020676971970754560,297.4615641,24.7515311,,
Sp1950+2436,19503583+2436474,2020624298493806336,297.6493102,24.6131941,,
Sp1953+3414,19532421+3413593,2035296284732054656,298.3530753,34.2351343,,
Sp1954+4923,19543501+4923203,2086976908949413632,298.6459099,49.3889674,,
Sp1954+1801,19544358+1801581,1821315795663331456,298.6816093,18.0328578,,
Sp1955+1052,19551012+1052024,4303436872733594880,298.7921688,10.8672908,,
Sp1955-7126,19551503-7126220,6422419873664621184,298.8135646,-71.439418,,
Sp1955-1316,19552544-1316084,4188546733786020608,298.8560111,-13.2690403,,
Sp1956-1754,19561542-1754252,6870499758522734208,299.0642814,-17.9069964,,
Sp1956+1426,19561820+1426067,1807406114600208000,299.0758615,14.4353415,,
Sp1957+2408,19575914+2408254,1834201659636172416,299.496587,24.1404133,,
Sp2000+3057,20000565+3057300,2030861099681010304,300.0240136,30.958917,,
Sp2001+0647,20015721+0647299,4249108800619148032,300.4883715,6.7916244,,
Sp2002-5425,20021341-5425558,6473160651658069120,300.5562102,-54.4321969,,
Sp2002-0521,20025073-0521524,4220379661283166720,300.7112958,-5.3646062,,
Sp2002-4433,20025208-4433036,6673620106941390592,300.7170049,-44.5510889,,
Sp2004-1416,20045369-1416231,6877944105080250368,301.2240042,-14.273068,,
Sp2006-0852,20062797-0852543,4192430969057394560,301.6165935,-8.8817543,,
Sp2010+0634,20103539+0634367,4250327781042868224,302.6474556,6.5768965,,
Sp2012+1627,20124871+1627059,1808713979365191296,303.2029054,16.451609,,
Sp2012+1246,20125255+1246315,1803225427774999680,303.2191129,12.7754766,,
Sp2015-5645,20152158-5645550,6468714845110882048,303.8398336,-56.7652404,,
Sp2016+1719,20164089+1719174,1809169250199281024,304.1704241,17.3214706,,
Sp2016-1045,20165054-1045595,6881163470829624320,304.2106638,-10.7665199,,
Sp2018-0007,20180099-0007586,4230317562772588416,304.5043978,-0.1328418,,
Sp2020+3603,20200407+3603286,2057462546521428608,305.0167292,36.0586651,,
Sp2021+2216,20215068+2216217,1829270006385229440,305.4612319,22.2727244,,
Sp2023-4305,20231907-4305110,6679235106666264064,305.8299249,-43.0863955,,
Sp2025-0835,20254766-0835311,6905837821722155648,306.4486828,-8.5920735,,
Sp2026-2943,20261584-2943124,6797628972554531840,306.5660316,-29.720275,,
Sp2026+0439,20263647+0439404,4245200758323877376,306.6519508,4.6612627,,
Sp2027+2555,20271487+2555184,1832633481176363904,306.8124299,25.9217437,,
Sp2031+1052,20312697+1052000,1753778152192018560,307.8623603,10.8666778,,
Sp2032+4155,20320232+4155368,2068138392112597376,308.0095527,41.9268453,,
Sp2032-6918,20323291-6918591,6422888673638503424,308.1388366,-69.3163628,,
Sp2033+3119,20331133+3119546,1862598815166112384,308.2970845,31.331841,,
Sp2033+2823,20331656+2823437,1857525389328342784,308.3189028,28.3954923,,
Sp2034+0827,20343769+0827009,1749473774619251840,308.6570406,8.4503277,,
Sp2034+4708,20343765+4708264,2071546500199092992,308.6570535,47.140629,,
Sp2035-3110,20352037-3110083,6793513225656482560,308.8348591,-31.1690045,,
Sp2035-4349,20353362-4349336,6676151865606518656,308.8901177,-43.825995,,
Sp2036-0847,20364425-0847138,6906393659206977280,309.1845512,-8.7872278,,
Sp2037-1137,20370715-1137569,6901234269614405888,309.2798193,-11.6325974,,
Sp2038-5223,20381565-5223055,6474508889136390528,309.5646559,-52.384876,,
Sp2038-4020,20385062-4020181,6681308987458790528,309.7108538,-40.3383708,,
Sp2042-0821,20421824-0821342,6906460145302607744,310.5759654,-8.3595794,,
Sp2042-0500,20424514-0500193,6914281796143286784,310.688219,-5.0053274,,
Sp2042+3225,20425755+3225305,1862927397342009856,310.7398452,32.4251237,,
Sp2044+1517,20443743+1517352,1762523981210977664,311.1562162,15.2929935,,
Sp2047+1421,20472471+1421526,1762216079299019008,311.8531104,14.3645442,,
Sp2047-0808,20473176-0808201,6903805924230742144,311.8823512,-8.1389955,,
Sp2049-1944,20491972-1944324,6857273939310123136,312.3323435,-19.7424316,,
Sp2049+3336,20492745+3336512,1869054868256849920,312.3641553,33.6141574,,
Sp2049-1716,20495272-1716083,6858958940879829248,312.4697815,-17.269019,,
Sp2052-4758,20522808-4758442,6481588305207220864,313.11707,-47.9789689,,
Sp2052+7104,20523540+7104536,2271895145327043712,313.1489244,71.0815814,,
Sp2052+0510,20524075+0510287,1734945824403206400,313.1698178,5.1746887,,
Sp2052-6431,20524496-6431085,6449565647523846272,313.1883943,-64.518998,,
Sp2053+3319,20532191+3319344,1866111823527724416,313.3411259,33.3261894,,
Sp2053+0303,20534523+0303389,1731017028838799488,313.4385106,3.0609137,,
Sp2057-0252,20575409-0252302,6915795853718552960,314.4753896,-2.8750694,,
Sp2104-1037,21041491-1037369,6890153425787729152,316.0623992,-10.6270404,,
Sp2104+3100,21042087+3100574,1852656275102502016,316.0869924,31.0158936,,
Sp2104+0722,21044455+0722251,1737141510468332800,316.1856375,7.3736635,,
Sp2105+4816,21055572+4816359,2165532410561273728,316.4818544,48.2767408,,
Sp2106-4044,21062089-4044519,6581421968143179904,316.5872175,-40.7477823,,
Sp2106-1650,21064297-1650340,6882305283587467392,316.679037,-16.84285,,
Sp2107-0307,21073169-0307337,6915878523250505856,316.8820424,-3.1260152,,
Sp2107-4544,21075409-4544064,6483544920505696256,316.9756184,-45.7351231,,
Sp2110-5540,21102873-5540391,6463046862668320384,317.6198332,-55.677553,,
Sp2112+8427,21122153+8427303,2300600129751000064,318.0914934,84.4583902,,
Sp2116+0341,21161051+0341294,1731827128389211520,319.0438019,3.6915377,,
Sp2117+3428,21174630+3428052,1867314345651278848,319.4430247,34.4681606,,
Sp2118-4505,21183174-4505522,6576611428676004608,319.6330783,-45.0978989,,
Sp2120+1021,21203387+1021591,1745247522506427776,320.1411805,10.3664173,,
Sp2120-4130,21205252-4130342,6580532321501146880,320.2190504,-41.509516,,
Sp2126-3143,21263403-3143224,6784262587654030336,321.6419701,-31.7229216,,
Sp2126-8140,21265040-8140293,6348511080000131072,321.7113445,-81.6747669,,
Sp2126+2531,21265788+2531080,1798588409277193984,321.7410289,25.5185056,,
Sp2127+5553,21272531+5553150,2177877452238559104,321.856592,55.8875087,,
Sp2127-4215,21272613-4215183,6578760870830186368,321.8590305,-42.2551097,,
Sp2127+1652,21273604+1652194,1784314510669611520,321.900187,16.8721546,,
Sp2130-0845,21304464-0845205,6894737663425859328,322.6860501,-8.7557142,,
Sp2133+2321,21330794+2321590,1797268548646812800,323.2831145,23.3663793,,
Sp2134+3838,21342211+3838558,1953807805800935296,323.592281,38.6488638,,
Sp2134+2404,21343561+2404086,1797418868207819776,323.6484567,24.0690467,,
Sp2135-3153,21351461-3153459,6784738092073342848,323.8108742,-31.8960688,,
Sp2137+1450,21371044+1450475,1770881266011697920,324.2935393,14.846582,,
Sp2137-6723,21374159-6723471,6400218225637412736,324.4231363,-67.3963354,,
Sp2138+5257,21381698+5257188,2173367633501430272,324.5713543,52.9552256,,
Sp2139+3934,21390143+3934347,1953968605083657088,324.7560893,39.5763297,,
Sp2140-0050,21400369-0050001,2686976036241883520,325.0154153,-0.8333688,,
Sp2141-5118,21415505-5118506,6558741070485093632,325.4813418,-51.3140621,,
Sp2143-8337,21435174-8337135,6344897290222195584,325.9761682,-83.6204359,,
Sp2144-1847,21444037-1847557,6836547453635933056,326.1682568,-18.7988269,,
Sp2148+0447,21484187+0447400,2696868243570380288,327.1744638,4.7944867,,
Sp2148+0639,21485882+0639317,2700569092335347968,327.2450687,6.658823,,
Sp2149-5805,21490501-5805172,6410819544952556160,327.2717859,-58.0881235,,
Sp2150-6610,21501324-6610366,6398883620384263552,327.5546878,-66.1768454,,
Sp2151+2328,21510510+2328088,1795813379365971072,327.7712326,23.4693356,,
Sp2153+2950,21533977+2950053,1897311977785999744,328.4160557,29.8348142,,
Sp2156-4505,21560966-4505027,6564780825295087872,329.0407198,-45.0840809,,
Sp2157+7537,21574389+7537552,2280379251923776896,329.4354514,75.6320319,,
Sp2157-5534,21574904-5534420,6412958026349034880,329.4545402,-55.5783309,,
Sp2157-2726,21575469-2726305,6619520939396842624,329.4782869,-27.4419746,,
Sp2158+5836,21580671+5836379,2199435611080216704,329.5302281,58.610535,,
Sp2200+5536,22000733+5536024,2198074999791010304,330.0308402,55.6007017,,
Sp2206-4217,22064498-4217208,6568464361047484288,331.6876898,-42.2892127,,
Sp2209-3707,22091573-3707581,6574918563022096384,332.3153938,-37.1329592,,
Sp2213-4245,22133513-4245399,6569700349557517056,333.3967102,-42.761078,,
Sp2213-5451,22135019-5451242,6508226723167166336,333.4595325,-54.8567554,,
Sp2214-1319,22145070-1319590,2600624997198227712,333.7114278,-13.3331951,,
Sp2219-1440,22193561-1440103,2599121969098191488,334.8984003,-14.6695188,,
Sp2221+1158,22215313+1158222,2730645996689892736,335.4714566,11.9728176,,
Sp2222+5857,22223346+5857090,2200349373952164992,335.6408535,58.9524982,,
Sp2222-5719,22225445-5719084,6504700451938373760,335.7268068,-57.3190164,,
Sp2226-7503,22264440-7503425,6357834388848708224,336.6857951,-75.0618139,,
Sp2226+6139,22265757+6139573,2202050043570150528,336.7393262,61.6659662,,
Sp2228-1325,22285440-1325178,2601148128510120576,337.226414,-13.4220719,,
Sp2229-4728,22294460-4728429,6518450978713330048,337.4363318,-47.4785313,,
Sp2229-0650,22295812-0650433,2622810534801599360,337.4922215,-6.8454093,,
Sp2230-3358,22305403-3358331,6600456850880784256,337.7250842,-33.9759125,,
Sp2232+0909,22321468+0909445,2717083928783441664,338.0611424,9.1624407,,
Sp2233+3359,22334648+3359371,1902388491693623680,338.4439519,33.9936437,,
Sp2234-2720,22340990-2720591,6621179380888631424,338.5415237,-27.3497752,,
Sp2234+2359,22341394+2359559,1876972009105701504,338.5587575,23.9988553,,
Sp2235+1840,22354905+1840298,2833919859711849600,338.9547425,18.674985,,
Sp2235+0418,22355244+0418563,2705646366448978048,338.9685401,4.3156945,,
Sp2237+3922,22373255+3922398,1908305165624662272,339.3855888,39.3775935,,
Sp2238+4353,22380742+4353179,1982218395990388224,339.5316349,43.8882441,,
Sp2240-4253,22402699-4253177,6544145019268698496,340.1124191,-42.8884419,,
Sp2240+4018,22404758+4018442,1932376979850360704,340.1986966,40.3123111,,
Sp2241-6119,22414366-6119393,6406967509044866560,340.4327157,-61.3275794,,
Sp2241-5915,22415459-5915309,6503514658710993664,340.4788161,-59.2585875,,
Sp2242+2542,22425317+2542573,1877650201620091008,340.7219072,25.715908,,
Sp2243-5932,22431696-5932206,6503296925345017984,340.8206445,-59.5390068,,
Sp2244-3045,22444905-3045535,6607432496244359296,341.2045309,-30.764875,,
Sp2245+5750,22455814+5750588,2007409719223293696,341.4950846,57.8492213,,
Sp2247+1955,22470170+1955286,2833779087863089664,341.7574828,19.9245989,,
Sp2250-5640,22500814-5640571,6505528693430442112,342.5346253,-56.6826295,,
Sp2252-1730,22521073-1730134,2403199614187542528,343.0448777,-17.5038691,,
Sp2253-4801,22530796-4801577,6515783804023662336,343.2832109,-48.0326972,,
Sp2254-2840,22545194-2840253,6609254898113164416,343.7164372,-28.6737339,,
Sp2255-5713,22551861-5713056,6493448634054105728,343.8267022,-57.2184067,,
Sp2256+6854,22560310+6854072,2225409442971141120,344.0136743,68.9019865,,
Sp2256+0031,22564446+0031191,2651994356541992320,344.1851741,0.5220656,,
Sp2257-4030,22570431-4030155,6546160179266900864,344.2680873,-40.5042732,,
Sp2257-4638,22574930-4638447,6516332666486584064,344.4550545,-46.6457338,,
Sp2258+0113,22585403+0113515,2652433473998070912,344.7251621,1.2310332,,
Sp2259-5420,22590642-5420357,6506200976072829184,344.7783671,-54.3432834,,
Sp2259+8013,22594403+8013189,2285853892116390144,344.9306351,80.2219725,,
Sp2303+2100,23030459+2100553,2832642880035528192,345.7692473,21.0153209,,
Sp2306-0502,23062928-0502285,2635476908753563008,346.6223839,-5.0413977,,
Sp2306-5008,23065876-5008589,6502618938988110848,346.7459854,-50.1497058,,
Sp2308-2722,23081134-2722001,2379350519786259072,347.0476346,-27.3668416,,
Sp2310-1759,23101846-1759090,2406057485426252160,347.5769676,-17.9860376,,
Sp2314+6939,23140244+6939368,2215027510585500672,348.5120714,69.6602701,,
Sp2316-2141,23165266-2141548,2385628829965900928,349.2194499,-21.6986711,,
Sp2317+6423,23170505+6423356,2207815706446693376,349.2709553,64.3932584,,
Sp2319+7645,23192137+7645437,2233222229000888064,349.8417545,76.762191,,
Sp2321-1326,23211254-1326282,2408845056640573056,350.302425,-13.4411737,,
Sp2322-3133,23224684-3133231,2328674716056981888,350.6949636,-31.5565246,,
Sp2324-5817,23245065-5817554,6492543937848408192,351.2110787,-58.2987118,,
Sp2325+4251,23254530+4251488,1925025168366253952,351.4387106,42.8634372,,
Sp2327-1741,23272645-1741329,2393563872239260928,351.8602124,-17.6924379,,
Sp2329+2704,23291290+2704152,2865724951533094912,352.3036521,27.0707816,,
Sp2329-5408,23293174-5408587,6500949571097597824,352.3821835,-54.1497111,,
Sp2329-1607,23294790-1607551,2407323744864329344,352.4495893,-16.1322214,,
Sp2330-4736,23301612-4736459,6526541563232943872,352.5661971,-47.6125234,,
Sp2331-0406,23310161-0406193,2633426216489127296,352.7567828,-4.1054206,,
Sp2331-2749,23312174-2749500,2331849006126794880,352.8406513,-27.8304464,,
Sp2331+1552,23312938+1552228,2820384936000540544,352.87232,15.8729582,,
Sp2333+7456,23333174+7456179,2232201809194564480,353.383224,74.9382786,,
Sp2334+1933,23343945+1933041,2824567482526264576,353.6641768,19.5511199,,
Sp2336+1835,23361644+1835004,2821435381919156864,354.0684952,18.5834476,,
Sp2336+2153,23364395+2153388,2827319663210149120,354.183181,21.8941371,,
Sp2337-0933,23371663-0933251,2437199090699580928,354.3193532,-9.5569197,,
Sp2337+4405,23372584+4405321,1926492947667861248,354.3579846,44.0921689,,
Sp2338+6352,23380044+6352444,2016748249420398464,354.5017886,63.8789735,,
Sp2338-4726,23381868-4726132,6525046188759705728,354.577709,-47.4370825,,
Sp2339+3507,23392527+3507165,2873220249284763392,354.8555132,35.1212662,,
Sp2343-2906,23433198-2906271,2327766927474541824,355.8836154,-29.1075979,,
Sp2344-0733,23440624-0733282,2439377218938814336,356.0260425,-7.5578755,,
Sp2344+1312,23444204+1312525,2770074036986200704,356.175045,13.21415,,
Sp2345+6758,23455524+6758479,2211036283380392320,356.4805271,67.9800071,,
Sp2346+1129,23464599+1129094,2760661255379706240,356.691749,11.4859638,,
Sp2347+2702,23473680+2702068,2865029029391974400,356.9037071,27.035254,,
Sp2347-0638,23475198-0638474,2445535274328141568,356.9666772,-6.6464797,,
Sp2348-3134,23482916-3134139,2326246371612573312,357.1216133,-31.5705729,,
Sp2350+0806,23503956+0806237,2758618568934035456,357.6648315,8.1065734,,
Sp2352-2009,23524739-2009215,2389801137290107264,358.1974076,-20.1559985,,
Sp2353-0833,23535946-0833311,2435317585786753920,358.4977348,-8.5588011,,
Sp2354-3316,23540928-3316266,2313836153805786624,358.5384092,-33.2740991,,
Sp2354-6312,23542659-6312144,6486001882317858048,358.6121136,-63.2040032,,
Sp2354+2849,23545010+2849141,2867107342590523392,358.7088487,28.8206014,,
Sp2354-1852,23545993-1852216,2390199568521774848,358.7496386,-18.8727499,,
Sp2356-3827,23565088-3827426,2307221350118692992,359.2121154,-38.4618804,,
Sp2357+4011,23570939+4011349,2882057337768813056,359.2899945,40.1930485,,
Sp2357+5727,23571877+5727593,1998109946788787456,359.3281299,57.4664635,,
Sp2359-2932,23590389-2932226,2332937316480303616,359.7660311,-29.5395644,,
Sp2359+2338,23590836+2338311,2848408772970345600,359.7849597,23.6419536,,
Sp2359-2007,23595762-2007394,2341766188692111744,359.9903167,-20.12789,,
